Sum of Budget($),country,Year,Quarter,Month,Day,Genre,orig_lang,Sum of Revenue($),Sum of score,Title
9900,IND,2008,Qtr 1,January,4,comedy,Hindi,180000,87,Humne Jeena Seekh Liya
1020,IND,2008,Qtr 1,January,4,comedy,Hindi,60000,44,Rama Rama Kya Hai Drama
680400,IND,2008,Qtr 1,January,11,social,Hindi,900000,30,Halla Bol
54000,IND,2008,Qtr 1,January,18,"romance,drama,comedy",Hindi,2520000,50,Bombay to Bangkok
12900,IND,2008,Qtr 1,January,18,unknown,Hindi,12000,68,Tulsi
2040,IND,2008,Qtr 1,January,25,"action,comedy",Hindi,60000,36,Sunday
420,IND,2008,Qtr 1,February,8,drama,Hindi,18000,31,Superstar
9900,IND,2008,Qtr 1,February,15,"romance,history",Hindi,180000,90,Jodhaa Akbar
23349840,IND,2008,Qtr 1,March,7,"social,drama,history",Hindi,6240000,27,Black and White
10509420,IND,2008,Qtr 1,March,21,"crime,thriller",Hindi,2160000,33,Race
6309420,IND,2008,Qtr 1,March,28,"drama,comedy",Hindi,4440000,74,One Two Three
12657600,IND,2008,Qtr 2,April,4,drama,Hindi,3600000,27,Shaurya
84297000,IND,2008,Qtr 2,April,11,comedy,Hindi,15840000,20,Krazzy 4
41892420,IND,2008,Qtr 2,April,11,romance,Hindi,9240000,73,U Me Aur Hum
11748960,IND,2008,Qtr 2,April,25,"action,romance",Hindi,3360000,67,Tashan
73924350,IND,2008,Qtr 2,April,25,"drama,romance",Hindi,14640000,42,Sirf
20756610,IND,2008,Qtr 2,May,2,comedy,Hindi,8520000,53,Mr. White Mr. Black
62925120,IND,2008,Qtr 2,May,2,thriller,Hindi,21000000,40,Anamika
4200,IND,2008,Qtr 2,May,9,"crime,action,thriller,romance,drama",Hindi,66000,31,Jimmy
6900,IND,2008,Qtr 2,May,9,"fantasy,drama,comedy",Hindi,78000,78,Bhoothnath
48000,IND,2008,Qtr 2,May,16,"drama,romance",Hindi,78000,85,Jannat
6300,IND,2008,Qtr 2,May,23,comedy,Hindi,210000,44,Don Muthu Swami
16500,IND,2008,Qtr 2,May,30,thriller,Hindi,150000,80,Woodstock Villa
3600,IND,2008,Qtr 2,June,6,"crime,action,drama,thriller",Hindi,12000,26,Sarkar Raj
120000,IND,2008,Qtr 2,June,6,"drama,thriller",Hindi,480000,35,Aamir
7200,IND,2008,Qtr 2,June,13,comedy,Hindi,108000,47,Mere Baap Pehle Aap
6000,IND,2008,Qtr 2,June,13,unknown,Hindi,18000,76,Summer 2007
452400,IND,2008,Qtr 2,June,20,"drama,romance",Hindi,2520000,73,HaalÂ??eÂ??dil
2498400,IND,2008,Qtr 2,June,20,"romance,comedy",Hindi,1320000,50,De Taali
633600,IND,2008,Qtr 2,June,27,drama,Hindi,600000,74,Thodi Life Thoda Magic
1207440,IND,2008,Qtr 2,June,27,"fantasy,drama,romance",Hindi,1440000,32,Thoda Pyaar Thoda Magic
4698000,IND,2008,Qtr 2,June,27,"mystery,drama,thriller",Hindi,2400000,43,Via Darjeeling
2341920,IND,2008,Qtr 3,July,4,"musical,drama,romance",Hindi,1200000,93,Love Story 2050
69600,IND,2008,Qtr 3,July,4,romance,Hindi,390000,23,Jaane Tu... Ya Jaane Na
300000,IND,2008,Qtr 3,July,11,romance,Hindi,420000,43,Mehbooba
277200,IND,2008,Qtr 3,July,18,"romance,drama,comedy",Hindi,480000,27,Kismat Konnection
5100,IND,2008,Qtr 3,July,18,"spy,thriller",Hindi,210000,39,Contract
1615350,IND,2008,Qtr 3,July,25,adventure,Hindi,3000000,24,Mission Istaanbul
75600,IND,2008,Qtr 3,July,25,"romance,drama,comedy",Hindi,540000,42,Money Hai Toh Honey Hai
5827200,IND,2008,Qtr 3,August,1,comedy,Hindi,6600000,88,Ugly Aur Pagli
919845,IND,2008,Qtr 3,August,8,"crime,romance,action,comedy",Hindi,4680000,72,Singh Is Kinng
1545510,IND,2008,Qtr 3,August,8,unknown,Hindi,4080000,61,Good Luck!
10040520,IND,2008,Qtr 3,August,15,"romance,comedy",Hindi,2640000,79,God Tussi Great Ho
2167920,IND,2008,Qtr 3,August,15,"romance,drama,comedy",Hindi,5160000,97,Bachna Ae Haseeno
3925200,IND,2008,Qtr 3,August,22,comedy,Hindi,1200000,33,Maan Gaye Mughal-e-Azam
5948670,IND,2008,Qtr 3,August,22,horror,Hindi,6600000,96,Phoonk
6261000,IND,2008,Qtr 3,August,22,unknown,Hindi,5760000,91,Mumbai Meri Jaan
7648860,IND,2008,Qtr 3,August,29,comedy,Hindi,1500000,90,C Kkompany
6143280,IND,2008,Qtr 3,August,29,"musical,drama,romance",Hindi,3720000,69,Rock On!!
5823000,IND,2008,Qtr 3,August,29,"musical,romance,thriller",Hindi,3240000,85,Chamku
10458210,IND,2008,Qtr 3,August,29,thriller,Hindi,4800000,55,Mukhbiir
1680,IND,2008,Qtr 3,September,5,"adventure,drama",Hindi,12000,62,Tahaan
2763840,IND,2008,Qtr 3,September,5,"drama,thriller",Hindi,4080000,53,A Wednesday!
4200,IND,2008,Qtr 3,September,12,"biography,drama",Hindi,24000,59,The Last Lear
192,IND,2008,Qtr 3,September,12,"mystery,horror,romance,thriller",Hindi,12000,55,1920
870,IND,2008,Qtr 3,September,19,comedy,Hindi,108000,61,Saas Bahu Aur Sensex
98400,IND,2008,Qtr 3,September,19,"drama,comedy",Hindi,600000,82,Welcome to Sajjanpur
436800,IND,2008,Qtr 3,September,26,comedy,Hindi,900000,44,Hari Puttar: A Comedy of Terrors
86400,IND,2008,Qtr 4,October,2,"crime,thriller",Hindi,720000,72,Kidnap
40800,IND,2008,Qtr 4,October,2,"fantasy,adventure,action",Hindi,510000,77,Drona
466800,IND,2008,Qtr 4,October,10,"drama,romance",Hindi,870000,86,Hello
141600,IND,2008,Qtr 4,October,17,"action,romance",Hindi,1320000,92,Karzzzz
92400,IND,2008,Qtr 4,October,24,drama,Hindi,660000,70,Heroes
13500,IND,2008,Qtr 4,October,24,"family,animation,romance",Hindi,120000,30,Roadside Romeo
720,IND,2008,Qtr 4,October,29,comedy,Hindi,720000,68,Golmaal Returns
445200,IND,2008,Qtr 4,October,29,"drama,romance",Hindi,450000,71,Fashion
1251600,IND,2008,Qtr 4,November,7,drama,Hindi,1080000,38,Ek Vivaah... Aisa Bhi
23700,IND,2008,Qtr 4,November,7,"social,comedy",Hindi,270000,58,EMI - Liya Hai Toh Chukana Parega
25200,IND,2008,Qtr 4,November,14,comedy,Hindi,540000,86,Dostana
4095600,IND,2008,Qtr 4,November,14,politics,Hindi,3840000,98,Deshdrohi
4773900,IND,2008,Qtr 4,November,14,"romance,musical,drama,comedy",Hindi,8520000,67,Dasvidaniya
13125600,IND,2008,Qtr 4,November,21,"family,musical,drama,romance",Hindi,1800000,35,Yuvvraaj
4500240,IND,2008,Qtr 4,November,28,"drama,comedy",Hindi,3240000,33,Oye Lucky! Lucky Oye!
35216.256,IND,2008,Qtr 4,November,28,romance,Hindi,960000,33,Sorry Bhai!
2520,IND,2008,Qtr 4,November,28,thriller,Hindi,180000,75,Maharathi
3364800,IND,2008,Qtr 4,December,5,comedy,Hindi,1080000,51,"Oh, My God"
5700,IND,2008,Qtr 4,December,5,drama,Hindi,18000,94,Meerabai Not Out
388800,IND,2008,Qtr 4,December,5,"mystery,thriller",Hindi,1200000,25,Gumnaam Â?? The Mystery
12600,IND,2008,Qtr 4,December,5,"romance,comedy",Hindi,24000,68,Dil Kabaddi
34200,IND,2008,Qtr 4,December,12,romance,Hindi,660000,87,Rab Ne Bana Di Jodi
20400,IND,2008,Qtr 4,December,19,"drama,romance",Hindi,690000,23,Wafaa
278400,IND,2008,Qtr 4,December,26,"action,thriller,mystery,romance,drama",Hindi,450000,38,Ghajini
269760,IND,2008,Qtr 4,December,26,animation,Hindi,480000,55,Jumbo
896160,IND,2009,Qtr 1,January,16,"action,comedy",Hindi,1200000,79,Chandni Chowk to China
211560,IND,2009,Qtr 1,January,23,drama,Hindi,720000,67,Aasma: The Sky Is the Limit
670800,IND,2009,Qtr 1,January,23,horror,Hindi,480000,27,Raaz Â?? The Mystery Continues
190800,IND,2009,Qtr 1,January,30,drama,Hindi,270000,54,Luck by Chance
2343000,IND,2009,Qtr 1,January,30,sport,Hindi,2760000,67,Victory
412800,IND,2009,Qtr 1,February,6,comedy,Hindi,1080000,91,Chal Chala Chal
4802400,IND,2009,Qtr 1,February,6,"fantasy,musical,drama",Hindi,3000000,75,Mere Khwabon Mein Jo Aaye
1593570,IND,2009,Qtr 1,February,6,romance,Hindi,1440000,75,Dev.D
790470,IND,2009,Qtr 1,February,13,"crime,mystery,drama",Hindi,1140000,80,The Stoneman Murders
14897460,IND,2009,Qtr 1,February,13,drama,Hindi,12360000,29,Billu
3516060,IND,2009,Qtr 1,February,20,"drama,romance",Hindi,3840000,47,Delhi-6
5197320,IND,2009,Qtr 1,February,27,romance,Hindi,2640000,62,Kisse Pyaar Karoon
6122175,IND,2009,Qtr 1,March,6,comedy,Hindi,5520000,56,Dhoondte Reh Jaaoge
621300,IND,2009,Qtr 1,March,6,drama,Hindi,900000,54,Karma Aur Holi
16214970,IND,2009,Qtr 1,March,6,horror,Hindi,8040000,67,13B
1241400,IND,2009,Qtr 1,March,13,"action,comedy",Hindi,1680000,81,Jai Veeru
1249200,IND,2009,Qtr 1,March,13,comedy,Hindi,1500000,29,Little Zizou
190200,IND,2009,Qtr 1,March,13,drama,Hindi,540000,31,Gulaal
10221360,IND,2009,Qtr 1,March,20,comedy,Hindi,4200000,95,Lottery
612555,IND,2009,Qtr 1,March,20,"comedy,romantic",Hindi,3000000,42,Aloo Chaat
12141840,IND,2009,Qtr 1,March,20,"comedy,romantic",Hindi,10800000,88,Straight
4855200,IND,2009,Qtr 1,March,20,drama,Hindi,3480000,33,Barah Aana
1378275,IND,2009,Qtr 1,March,20,political,Hindi,1620000,40,Firaaq
13251120,IND,2009,Qtr 1,March,27,"action,thriller",Hindi,7440000,67,Aa Dekhen Zara
2779800,IND,2009,Qtr 1,March,27,"action,thriller",Hindi,1320000,95,Ek: The Power of One
10664610,IND,2009,Qtr 1,March,27,comedy,Hindi,11160000,96,99
10920900,IND,2009,Qtr 2,April,3,"action,thriller",Hindi,8760000,66,8 x 10 Tasveer
2328360,IND,2009,Qtr 2,April,10,comedy,Hindi,4560000,97,Ek Se Bure Do
2326800,IND,2009,Qtr 2,April,10,drama,Hindi,3240000,51,Coffee House
3134850,IND,2009,Qtr 2,April,10,drama,Hindi,6240000,31,Pal Pal Dil Ke Saath
3835380,IND,2009,Qtr 2,April,10,"historical,drama",Hindi,2640000,77,Royal Utsav
5607120,IND,2009,Qtr 2,April,10,unknown,Hindi,1800000,65,School Days
7413300,IND,2009,Qtr 2,April,17,comedy,Hindi,4920000,22,Meri Padosan
9600960,IND,2009,Qtr 2,April,17,drama,Hindi,4200000,40,Chowrasta Crossroads of Love
20347620,IND,2009,Qtr 2,April,22,social,Hindi,6000000,44,Sikandar
19159680,IND,2009,Qtr 2,May,6,action,Hindi,7920000,54,Team - The Force
16956420,IND,2009,Qtr 2,May,6,"romance,comedy",Hindi,4920000,34,Sanam Teri Kasam
25988370,IND,2009,Qtr 2,June,12,"comedy,social,drama,romance",Hindi,12600000,82,Kal Kissne Dekha
37325400,IND,2009,Qtr 2,June,12,unknown,Hindi,17040000,92,Zor Lagaa Ke...Haiya!
3974100,IND,2009,Qtr 2,June,19,comedy,Hindi,1560000,27,Paying Guests
7895925,IND,2009,Qtr 2,June,19,romance,Hindi,8160000,81,Let's Dance
5089440,IND,2009,Qtr 2,June,26,"action,romance,thriller",Hindi,3120000,69,New York
9600,IND,2009,Qtr 3,July,3,"romance,action,comedy",Hindi,180000,61,Kambakkht Ishq
6300,IND,2009,Qtr 3,July,10,comedy,Hindi,180000,88,Shortkut
2040,IND,2009,Qtr 3,July,10,"dark,comedy",Hindi,30000,90,Sankat City
27900,IND,2009,Qtr 3,July,17,musical,Hindi,570000,74,Jashnn
1560,IND,2009,Qtr 3,July,24,"action,thriller",Hindi,18000,96,Luck
2580,IND,2009,Qtr 3,July,31,romance,Hindi,48000,29,Love Aaj Kal
26100,IND,2009,Qtr 3,August,7,horror,Hindi,150000,50,Agyaat
982800,IND,2009,Qtr 3,August,7,social,Hindi,1560000,37,Chal Chalein
60000,IND,2009,Qtr 3,August,10,drama,Hindi,660000,49,Teree Sang
5100,IND,2009,Qtr 3,August,14,drama,Hindi,180000,83,Kaminey
67200,IND,2009,Qtr 3,August,14,"romance,comedy",Hindi,960000,87,Life Partner
21170640,IND,2009,Qtr 3,August,28,comedy,Hindi,10320000,47,Daddy Cool
14339700,IND,2009,Qtr 3,August,28,comedy,Hindi,5760000,52,Love Khichdi
14876100,IND,2009,Qtr 3,August,28,comedy,Hindi,6000000,59,Quick Gun Murugun
3264300,IND,2009,Qtr 3,August,28,social,Hindi,4920000,61,Kisaan
7670550,IND,2009,Qtr 3,August,28,social,Hindi,9600000,34,Yeh Mera India
8522790,IND,2009,Qtr 3,August,28,thriller,Hindi,7320000,79,Toss
10179360,IND,2009,Qtr 3,September,3,thriller,Hindi,8400000,56,"Three Â?? Love, Lies and Betrayal"
11646480,IND,2009,Qtr 3,September,4,comedy,Hindi,7560000,71,Aagey Se Right
3981960,IND,2009,Qtr 3,September,4,comedy,Hindi,2160000,93,Chintu Ji
11941740,IND,2009,Qtr 3,September,4,drama,Hindi,5400000,48,Fox
23392200,IND,2009,Qtr 3,September,11,action,Hindi,11640000,97,Baabarr
12396360,IND,2009,Qtr 3,September,11,drama,Hindi,9720000,62,Aamras
14771400,IND,2009,Qtr 3,September,11,drama,Hindi,13440000,54,Phir Kabhi
416400,IND,2009,Qtr 3,September,11,romance,Hindi,2520000,38,Vaada Raha
11005200,IND,2009,Qtr 3,September,18,"action,romance",Hindi,12000000,51,Wanted
16297440,IND,2009,Qtr 3,September,18,"comedy,sport,romantic",Hindi,9480000,55,Dil Bole Hadippa!
2829600,IND,2009,Qtr 3,September,18,thriller,Hindi,4200000,38,Blue Oranges
12434880,IND,2009,Qtr 3,September,25,"comedy,romantic",Hindi,6000000,35,What's Your Raashee?
8294400,IND,2009,Qtr 4,October,2,"comedy,romantic",Hindi,2160000,93,Wake Up Sid
14981280,IND,2009,Qtr 4,October,2,"romance,comedy",Hindi,9000000,20,Do Knot Disturb
6747150,IND,2009,Qtr 4,October,9,action,Hindi,7440000,38,Acid Factory
23817300,IND,2009,Qtr 4,October,16,action,Hindi,9240000,71,Blue
6724860,IND,2009,Qtr 4,October,16,comedy,Hindi,6000000,59,All The Best: Fun Begins
15046200,IND,2009,Qtr 4,October,16,"drama,romance",Hindi,10920000,51,Main Aurr Mrs Khanna
6558210,IND,2009,Qtr 4,October,23,animation,Hindi,2040000,24,Bal Ganesh 2
8139030,IND,2009,Qtr 4,October,23,comedy,Hindi,3840000,72,Fruit and Nut
9940530,IND,2009,Qtr 4,October,23,"comedy,romantic",Hindi,3840000,76,Love Ka Tadka
7535040,IND,2009,Qtr 4,October,30,fantasy,Hindi,4200000,21,Aladin
9822240,IND,2009,Qtr 4,October,30,"musical,drama,romance,social",Hindi,7200000,79,London Dreams
3283800,IND,2009,Qtr 4,November,6,"romance,comedy",Hindi,2040000,60,Ajab Prem Ki Ghazab Kahani
1751430,IND,2009,Qtr 4,November,6,social,Hindi,3000000,33,Jail
10267560,IND,2009,Qtr 4,November,13,fantasy,Hindi,7800000,88,Aao Wish Karein
9652320,IND,2009,Qtr 4,November,13,romance,Hindi,6480000,62,Tum Mile
22608600,IND,2009,Qtr 4,November,20,action,Hindi,8640000,78,Marega Salaa
10072680,IND,2009,Qtr 4,November,20,"romance,thriller",Hindi,4320000,77,Kurbaan
13956420,IND,2009,Qtr 4,November,20,"social,comedy,thriller",Hindi,5640000,36,Shaabash! You Can Do It
5552160,IND,2009,Qtr 4,November,27,comedy,Hindi,4200000,47,De Dana Dan
3853050,IND,2009,Qtr 4,December,3,musical,Hindi,5640000,63,Radio
24009600,IND,2009,Qtr 4,December,4,"family,drama",Hindi,9000000,22,Paa
21928110,IND,2009,Qtr 4,December,11,comedy,Hindi,9960000,44,Rocket Singh: Salesman of the Year
2768730,IND,2009,Qtr 4,December,18,drama,Hindi,1800000,53,Raat Gayi Baat Gayi?
938490,IND,2009,Qtr 4,December,25,comedy,Hindi,1320000,29,3 Idiots
14589300,IND,2009,Qtr 4,December,31,thriller,Hindi,3000000,58,Accident on Hill Road
6194400,IND,2010,Qtr 1,January,8,"comedy,romantic",Hindi,3720000,25,Dulha Mil Gaya
3189900,IND,2010,Qtr 1,January,8,"comedy,romantic",Hindi,2400000,74,Pyaar Impossible!
8569230,IND,2010,Qtr 1,January,15,comedy,Hindi,3720000,85,Hello! Hum Lallan Bol Rahe Hain
5098350,IND,2010,Qtr 1,January,15,"romance,comedy",Hindi,1920000,74,Chance Pe Dance
5555325,IND,2010,Qtr 1,January,15,thriller,Hindi,6120000,28,The Waiting Room
537600,IND,2010,Qtr 1,January,22,"epic,film",Hindi,1200000,30,Veer
166800,IND,2010,Qtr 1,January,29,"crime,romance,comedy",Hindi,1020000,33,Ishqiya
4550400,IND,2010,Qtr 1,January,29,drama,Hindi,2280000,86,Rann
2544450,IND,2010,Qtr 1,January,29,drama,Hindi,2280000,70,Road to Sangam
1588560,IND,2010,Qtr 1,February,5,action,Hindi,1920000,48,Striker
1920,IND,2010,Qtr 1,February,5,drama,Hindi,120000,34,The Hangman
899640,IND,2010,Qtr 1,February,12,drama,Hindi,960000,78,My Name Is Khan
1606500,IND,2010,Qtr 1,February,12,drama,Hindi,2880000,75,Sukhmani
4348560,IND,2010,Qtr 1,February,19,action,Hindi,2400000,63,Aakhari Decision
34800,IND,2010,Qtr 1,February,19,comedy,Hindi,120000,33,Toh Baat Pakki!
2026380,IND,2010,Qtr 1,February,19,horror,Hindi,1320000,96,Click
1680,IND,2010,Qtr 1,February,26,"drama,thriller",Hindi,24000,37,Teen Patti
1680,IND,2010,Qtr 1,February,26,thriller,Hindi,90000,48,Karthik Calling Karthik
133200,IND,2010,Qtr 1,March,5,comedy,Hindi,930000,32,Atithi Tum Kab Jaoge?
1610160,IND,2010,Qtr 1,March,5,drama,Hindi,1440000,69,Hello Zindagi
501600,IND,2010,Qtr 1,March,5,drama,Hindi,1320000,71,"Road, Movie"
1371720,IND,2010,Qtr 1,March,5,drama,Hindi,1140000,34,Thanks Maa
29400,IND,2010,Qtr 1,March,5,thriller,Hindi,420000,89,Rokkk
16669650,IND,2010,Qtr 1,March,12,action,Hindi,5520000,43,Right Yaaa Wrong
16500,IND,2010,Qtr 1,March,12,"action,thriller",Hindi,30000,45,Trump Card
1577880,IND,2010,Qtr 1,March,12,comedy,Hindi,2040000,87,Na Ghar Ke Na Ghaat Ke
1338210,IND,2010,Qtr 1,March,12,"comedy,romantic",Hindi,1260000,44,Do Dilon Ke Khel Mein
7536525,IND,2010,Qtr 1,March,12,thriller,Hindi,2400000,62,Hide & Seek
12900,IND,2010,Qtr 1,March,19,drama,Hindi,300000,81,Idiot Box
3900,IND,2010,Qtr 1,March,19,"found,footage",Hindi,15000,61,Love Sex aur Dhokha
7500,IND,2010,Qtr 1,March,19,horror,Hindi,480000,35,Shaapit
4500,IND,2010,Qtr 1,March,19,"sport,social",Hindi,18000,51,Lahore
9300,IND,2010,Qtr 1,March,26,animation,Hindi,18000,40,My Friend Ganesha 3
24600,IND,2010,Qtr 1,March,26,comedy,Hindi,330000,86,Hum Tum Aur Ghost
10200,IND,2010,Qtr 1,March,26,comedy,Hindi,12000,62,Prem Kaa Game
4800,IND,2010,Qtr 1,March,26,romance,Hindi,120000,29,Mittal v/s Mittal
51000,IND,2010,Qtr 1,March,26,social,Hindi,390000,63,It's a Man's World
14100,IND,2010,Qtr 1,March,26,social,Hindi,24000,24,Well Done Abba
15600,IND,2010,Qtr 2,April,2,romance,Hindi,18000,41,Sadiyaan
9900,IND,2010,Qtr 2,April,2,social,Hindi,18000,73,Pankh
20400,IND,2010,Qtr 2,April,2,"social,drama",Hindi,300000,72,Tum Milo Toh Sahi
14100,IND,2010,Qtr 2,April,9,"action,thriller",Hindi,270000,36,Prince - It's Showtime
80400,IND,2010,Qtr 2,April,9,"fantasy,romance,comedy",Hindi,96000,89,Jaane Kahan Se Aayi Hai
160800,IND,2010,Qtr 2,April,9,romance,Hindi,1020000,25,The Japanese Wife
54600,IND,2010,Qtr 2,April,16,horror,Hindi,660000,59,Phoonk 2
5400,IND,2010,Qtr 2,April,16,social,Hindi,24000,61,Paathshaala
864,IND,2010,Qtr 2,April,23,animation,Hindi,30000,36,Bird Idol
6130440,IND,2010,Qtr 2,April,23,"comedy,romantic",Hindi,4320000,75,Muskurake Dekh Zara
915600,IND,2010,Qtr 2,April,23,social,Hindi,2160000,29,City of Gold
13125360,IND,2010,Qtr 2,April,23,thriller,Hindi,3480000,82,Apartment
2221500,IND,2010,Qtr 2,April,23,unknown,Hindi,1080000,77,Kuchh Kariye
2943120,IND,2010,Qtr 2,April,30,action,Hindi,2520000,67,Chase
3866400,IND,2010,Qtr 2,April,30,comedy,Hindi,1320000,45,Housefull
4455300,IND,2010,Qtr 2,May,7,drama,Hindi,5880000,47,It's a Wonderful Afterlife
5871900,IND,2010,Qtr 2,May,7,"drama,romance",Hindi,2520000,38,Badmaash Company
1405440,IND,2010,Qtr 2,May,14,"child,drama",Hindi,1020000,62,Bumm Bumm Bole
4716570,IND,2010,Qtr 2,May,14,drama,Hindi,1680000,91,Admissions Open
1527600,IND,2010,Qtr 2,May,14,"romance,comedy",Hindi,2520000,46,Kushti
7146420,IND,2010,Qtr 2,May,21,"romance,thriller",Hindi,3240000,66,Kites
2464560,IND,2010,Qtr 2,June,4,"drama,political,thriller",Hindi,4320000,82,Raajneeti
175200,IND,2010,Qtr 2,June,11,thriller,Hindi,1320000,24,Ek Second... Jo Zindagi Badal De?
477840,IND,2010,Qtr 2,June,18,"action,romance",Hindi,750000,67,Raavan
4912440,IND,2010,Qtr 2,June,25,action,Hindi,2760000,85,Krantiveer - The Revolution
16951800,IND,2010,Qtr 2,June,25,drama,Hindi,5040000,43,Mr. Singh / Mrs. Mehta
4659360,IND,2010,Qtr 3,July,2,romance,Hindi,3600000,96,I Hate Luv Storys
41400,IND,2010,Qtr 3,July,9,action,Hindi,720000,62,Red Alert: The War Within
4654800,IND,2010,Qtr 3,July,9,romance,Hindi,2400000,59,Milenge Milenge
1740,IND,2010,Qtr 3,July,16,action,Hindi,150000,46,Lamhaa
2580,IND,2010,Qtr 3,July,16,comedy,Hindi,72000,49,Tere Bin Laden
64800,IND,2010,Qtr 3,July,16,drama,Hindi,36000,42,Udaan
64800,IND,2010,Qtr 3,July,23,"romance,drama,comedy",Hindi,360000,21,Khatta Meetha
8896200,IND,2010,Qtr 3,July,30,"crime,action,romance,thriller",Hindi,2880000,22,Once Upon a Time in Mumbaai
5409000,IND,2010,Qtr 3,August,6,romance,Hindi,4800000,91,Aisha
992580,IND,2010,Qtr 3,August,13,"comedy,political",Hindi,1080000,31,Peepli Live
369870,IND,2010,Qtr 3,August,13,horror,Hindi,570000,23,Help
3900,IND,2010,Qtr 3,August,20,comedy,Hindi,18000,62,Mr. Bhatti on Chutti
2400,IND,2010,Qtr 3,August,20,romance,Hindi,90000,28,Lafangey Parindey
12000,IND,2010,Qtr 3,August,27,comedy,Hindi,360000,53,Hello Darling
146400,IND,2010,Qtr 3,August,27,crime,Hindi,630000,40,Antardwand
27000,IND,2010,Qtr 3,August,27,drama,Hindi,600000,88,Aashayein
1500,IND,2010,Qtr 3,August,27,"family,drama",Hindi,24000,65,Life Express
544200,IND,2010,Qtr 3,August,27,"mystery,suspense",Hindi,570000,42,Soch Lo
12000,IND,2010,Qtr 3,September,2,drama,Hindi,330000,90,The Film Emotional Atyachar
184800,IND,2010,Qtr 3,September,2,"drama,romance",Hindi,720000,89,We Are Family
1200,IND,2010,Qtr 3,September,2,horror,Hindi,30000,62,Mallika
1380,IND,2010,Qtr 3,September,10,action,Hindi,30000,50,Dabangg
60000,IND,2010,Qtr 4,October,1,comedy,Hindi,51000,72,Khichdi: The Movie
1710,IND,2010,Qtr 4,October,1,romance,Hindi,120000,43,Anjaana Anjaani
1800,IND,2010,Qtr 4,October,1,"science,fiction",Hindi,210000,69,Robot
68400,IND,2010,Qtr 4,October,8,comedy,Hindi,330000,56,Do Dooni Chaar
10800,IND,2010,Qtr 4,October,8,thriller,Hindi,180000,58,Crook
123144,IND,2010,Qtr 4,October,15,action,Hindi,270000,28,Knock Out
68400,IND,2010,Qtr 4,October,15,animation,Hindi,420000,22,Ramayana: The Epic
229200,IND,2010,Qtr 4,October,15,"horror,thriller",Hindi,900000,81,Hisss
4380,IND,2010,Qtr 4,October,15,romance,Hindi,840000,68,Kajraare
801285,IND,2010,Qtr 4,October,15,thriller,Hindi,450000,35,Aakrosh
780,IND,2010,Qtr 4,October,22,biographical,Hindi,90000,71,Rakta Charitra - I
30000,IND,2010,Qtr 4,October,22,romance,Hindi,60000,51,Dunno Y... Na Jaane Kyon
3900,IND,2010,Qtr 4,October,22,romance,Hindi,390000,27,Jhootha Hi Sahi
21300,IND,2010,Qtr 4,October,29,"biographical,animation",Hindi,360000,21,Maalik Ek
286800,IND,2010,Qtr 4,October,29,comedy,Hindi,1320000,21,Golmaal 3
331200,IND,2010,Qtr 4,October,29,romance,Hindi,1800000,68,Nakshatra
24000,IND,2010,Qtr 4,November,5,comedy,Hindi,240000,51,Action Replayy
4800,IND,2010,Qtr 4,November,5,thriller,Hindi,30000,32,A Flat
1860,IND,2010,Qtr 4,November,12,"adventure,action",Hindi,180000,39,Ramaa: The Saviour
20758800,IND,2010,Qtr 4,November,12,romance,Hindi,5400000,26,Guzaarish
10791960,IND,2010,Qtr 4,November,19,"romance,thriller",Hindi,7800000,43,Diwangi Ne Had Kar Di
4203030,IND,2010,Qtr 4,November,19,thriller,Hindi,2640000,93,Allah Ke Banday
6781500,IND,2010,Qtr 4,November,19,thriller,Hindi,6480000,25,"Shahrukh Bola ""Khoobsurat Hai Tu"""
63600,IND,2010,Qtr 4,November,26,action,Hindi,150000,28,Khuda Kasam
7566000,IND,2010,Qtr 4,November,26,"crime,suspense,thriller",Hindi,2280000,28,Bhindi Baazaar Inc.
10377060,IND,2010,Qtr 4,November,26,romance,Hindi,6960000,41,Break Ke Baad
3467790,IND,2010,Qtr 4,December,3,biographical,Hindi,3360000,83,Rakta Charitra - II
1857480,IND,2010,Qtr 4,December,3,"crime,comedy",Hindi,2520000,54,Phas Gaye Re Obama
1476480,IND,2010,Qtr 4,December,3,period,Hindi,1440000,44,Khelein Hum Jee Jaan Sey
1143600,IND,2010,Qtr 4,December,10,comedy,Hindi,960000,73,No Problem
3092400,IND,2010,Qtr 4,December,10,"drama,romance",Hindi,3600000,84,Band Baaja Baaraat
544320,IND,2010,Qtr 4,December,17,drama,Hindi,338400,69,Mirch
230805,IND,2010,Qtr 4,December,17,horror,Hindi,960000,23,Kaalo
1792200,IND,2010,Qtr 4,December,17,thriller,Hindi,1680000,55,332 Mumbai To India
1552770,IND,2010,Qtr 4,December,17,thriller,Hindi,1800000,33,Payback
7200,IND,2010,Qtr 4,December,24,"action,comedy",Hindi,15000,46,Tees Maar Khan
128400,IND,2010,Qtr 4,December,24,animated,Hindi,870000,60,Toonpur Ka Super Hero
9900,IND,2010,Qtr 4,December,24,drama,Hindi,180000,34,Isi Life Mein
1624350,IND,2010,Qtr 4,December,31,drama,Hindi,3480000,94,Ada... A Way of Life
172800,IND,2010,Qtr 4,December,31,thriller,Hindi,1320000,62,Tera Kya Hoga Johnny
244800,IND,2011,Qtr 1,January,7,"adult,romance,comedy",Hindi,480000,73,Impatient Vivek
3873360,IND,2011,Qtr 1,January,7,"social,thriller",Hindi,2160000,91,No One Killed Jessica
961200,IND,2011,Qtr 1,January,14,"action,drama,comedy",Hindi,2520000,21,Yamla Pagla Deewana
199950,IND,2011,Qtr 1,January,14,comedy,Hindi,480000,41,Mumbai Mast Kallander
1175520,IND,2011,Qtr 1,January,14,"comedy,adult,romance",Hindi,1560000,94,Turning 30!!!
459600,IND,2011,Qtr 1,January,18,social,Hindi,2040000,90,Odyssey of Persistence
5194800,IND,2011,Qtr 1,January,21,drama,Hindi,1620000,77,Dhobi Ghat
1152300,IND,2011,Qtr 1,January,21,social,Hindi,2400000,92,Hostel
123600,IND,2011,Qtr 1,January,28,comedy,Hindi,720000,93,Dil Toh Baccha Hai Ji
9900,IND,2011,Qtr 1,February,4,"action,thriller",Hindi,18000,64,United Six
22500,IND,2011,Qtr 1,February,4,comedy,Hindi,180000,78,Utt Pataang
151200,IND,2011,Qtr 1,February,4,cult,Hindi,450000,98,Yeh Saali Zindagi
7200,IND,2011,Qtr 1,February,11,drama,Hindi,120000,33,Angel
3300,IND,2011,Qtr 1,February,11,"family,drama",Hindi,180000,60,Patiala House
52800,IND,2011,Qtr 1,February,11,romance,Hindi,270000,28,Aashiqui.in
39600,IND,2011,Qtr 1,February,18,"black,comedy,thriller",Hindi,120000,38,7 Khoon Maaf
6300,IND,2011,Qtr 1,February,18,child,Hindi,240000,62,Kaccha Limbo
19800,IND,2011,Qtr 1,February,18,comedy,Hindi,300000,90,Masti Express
10200,IND,2011,Qtr 1,February,25,"drama,romance",Hindi,150000,48,Tanu Weds Manu
3900,IND,2011,Qtr 1,February,25,family,Hindi,120000,61,Satrangee Parachute
12600,IND,2011,Qtr 1,March,4,drama,Hindi,240000,38,Yeh Faasley
37200,IND,2011,Qtr 1,March,25,comedy,Hindi,420000,37,Happy Husbands
1320,IND,2011,Qtr 1,March,25,drama,Hindi,150000,45,Monica
2700,IND,2011,Qtr 2,April,1,drama,Hindi,72000,42,Memories in March
508554,IND,2011,Qtr 2,April,1,"mystery,action",Hindi,450000,69,Game
13200,IND,2011,Qtr 2,April,1,"teen,satire,comedy,film",Hindi,108000,45,F.A.L.T.U
22800,IND,2011,Qtr 2,April,8,comedy,Hindi,180000,88,Thank You
5700,IND,2011,Qtr 2,April,15,drama,Hindi,210000,94,Teen Thay Bhai
27300,IND,2011,Qtr 2,April,22,child,Hindi,180000,73,Zokkomon
13500,IND,2011,Qtr 2,April,22,thriller,Hindi,240000,58,Dum Maaro Dum
18600,IND,2011,Qtr 2,April,28,"cult,drama",Hindi,180000,66,Shor in the City
48000,IND,2011,Qtr 2,April,29,comedy,Hindi,360000,68,Naughty @ 40
67200,IND,2011,Qtr 2,April,29,"movie,road,comedy",Hindi,330000,41,Chalo Dilli
1740,IND,2011,Qtr 2,April,29,"social,drama",Hindi,30000,86,I Am
160800,IND,2011,Qtr 2,May,6,"comedy,teen",Hindi,840000,34,Luv Ka The End
3600,IND,2011,Qtr 2,May,6,horror,Hindi,60000,40,Haunted Â?? 3D
457200,IND,2011,Qtr 2,May,13,"action,drama",Hindi,360000,95,Shagird
75900,IND,2011,Qtr 2,May,13,child,Hindi,660000,71,Stanley Ka Dabba
2100,IND,2011,Qtr 2,May,13,"comedy,romance",Hindi,30000,70,Love U...Mr. Kalakaar!
1980,IND,2011,Qtr 2,May,13,"horror,romance",Hindi,150000,70,Ragini MMS
2134920,IND,2011,Qtr 2,May,20,"comedy,romance",Hindi,2640000,66,Pyar ka Punchnama
14400,IND,2011,Qtr 2,May,20,"psychological,thriller",Hindi,180000,61,404
6587520,IND,2011,Qtr 2,May,27,"drama,comedy",Hindi,2400000,33,Kucch Luv Jaisaa
2664720,IND,2011,Qtr 2,June,3,comedy,Hindi,2640000,68,Ready
7682640,IND,2011,Qtr 2,June,10,"drama,thriller",Hindi,3000000,71,Shaitan
3951870,IND,2011,Qtr 2,June,17,comedy,Hindi,1920000,40,Bheja Fry 2
670800,IND,2011,Qtr 2,June,17,crime,Hindi,4080000,51,Bin Bulaye Baraati
4974450,IND,2011,Qtr 2,June,17,"teen,romance",Hindi,1680000,60,Always Kabhi Kabhi
7358400,IND,2011,Qtr 2,June,17,thriller,Hindi,1200000,27,Bhindi Baazaar Inc.
36600,IND,2011,Qtr 2,June,24,comedy,Hindi,240000,70,Double Dhamaal
46800,IND,2011,Qtr 3,July,1,"action,comedy",Hindi,510000,55,Bbuddah... Hoga Terra Baap
3600,IND,2011,Qtr 3,July,1,"adult,comedy",Hindi,180000,59,Delhi Belly
3600,IND,2011,Qtr 3,July,1,"psychological,thriller",Hindi,90000,98,Murder 2
70800,IND,2011,Qtr 3,July,8,child,Hindi,720000,55,Chillar Party
112800,IND,2011,Qtr 3,July,8,"road,romance",Hindi,300000,37,Zindagi Na Milegi Dobara
1806720,IND,2011,Qtr 3,July,15,action,Hindi,810000,87,Singham
74400,IND,2011,Qtr 3,July,22,social,Hindi,480000,51,Khap
24300,IND,2011,Qtr 3,July,29,biographical,Hindi,660000,44,Gandhi to Hitler
2476200,IND,2011,Qtr 3,July,29,drama,Hindi,3000000,68,Bubble Gum
519360,IND,2011,Qtr 3,August,5,drama,Hindi,900000,98,I Am Kalam
370800,IND,2011,Qtr 3,August,5,horror,Hindi,960000,88,Warning
371610,IND,2011,Qtr 3,August,5,"romance,comedy",Hindi,1200000,22,Milta Hai Chance By Chance
3900,IND,2011,Qtr 3,August,5,"social,comedy",Hindi,18000,63,Chala Mussaddi... Office Office
83952,IND,2011,Qtr 3,August,12,social,Hindi,660000,45,Aarakshan
132000,IND,2011,Qtr 3,August,12,thriller,Hindi,720000,84,Phhir
1098000,IND,2011,Qtr 3,August,19,comedy,Hindi,2520000,26,Chatur Singh Two Star
1150800,IND,2011,Qtr 3,August,19,comedy,Hindi,1380000,98,Sahi Dhandhe Galat Bande
2347200,IND,2011,Qtr 3,August,19,crime,Hindi,1200000,40,Not a Love Story
18300,IND,2011,Qtr 3,August,26,action,Hindi,120000,79,Shabri
150000,IND,2011,Qtr 3,August,26,romance,Hindi,1140000,91,Yeh Dooriyan
736800,IND,2011,Qtr 3,August,26,social,Hindi,1080000,45,Chitkabrey Â?? Shades of Grey
2384100,IND,2011,Qtr 3,August,31,"action,romance",Hindi,2280000,36,Bodyguard
507600,IND,2011,Qtr 3,August,31,comedy,Hindi,720000,39,Mummy Punjabi
5700,IND,2011,Qtr 3,September,2,social,Hindi,180000,38,That Girl in Yellow Boots
23400,IND,2011,Qtr 3,September,9,"comedy,romance",Hindi,420000,46,Mere Brother Ki Dulhan
900,IND,2011,Qtr 3,September,16,social,Hindi,36000,86,Rivaaz
26400,IND,2011,Qtr 3,September,23,drama,Hindi,18000,53,Speedy Singhs
8100,IND,2011,Qtr 3,September,23,romance,Hindi,210000,75,Mausam
13800,IND,2011,Qtr 3,September,23,romance,Hindi,480000,98,U R My Jaan
6300,IND,2011,Qtr 3,September,30,"action,romance",Hindi,240000,87,Force
11100,IND,2011,Qtr 3,September,30,"action,thriller",Hindi,240000,91,Saheb Biwi Aur Gangster
48000,IND,2011,Qtr 3,September,30,"comedy,romance",Hindi,330000,80,Hum Tum Shabana
6000,IND,2011,Qtr 3,September,30,"comedy,romantic",Hindi,60000,54,Tere Mere Phere
116400,IND,2011,Qtr 3,September,30,"drama,thriller",Hindi,1560000,46,Chargesheet
11400,IND,2011,Qtr 3,September,30,romance,Hindi,180000,58,Na Jaane Kabse hum hi
18000,IND,2011,Qtr 4,October,6,"action,comedy",Hindi,600000,61,Rascals
135600,IND,2011,Qtr 4,October,7,"comedy,crime,romance",Hindi,1200000,90,My Friend Pinto
10800,IND,2011,Qtr 4,October,7,"romance,comedy",Hindi,180000,30,Mujhse Fraaandship Karoge
7800,IND,2011,Qtr 4,October,7,romantic,Hindi,30000,32,Love Breakups Zindagi
3600,IND,2011,Qtr 4,October,14,"action,thriller",Hindi,12000,39,Aazaan
6000,IND,2011,Qtr 4,October,26,"sci,fi",Hindi,150000,31,Ra.One
1704,IND,2011,Qtr 4,October,27,comedy,Hindi,60000,96,Damadamm!
36000,IND,2011,Qtr 4,October,27,drama,Hindi,210000,70,Tell Me O Kkhuda
21000,IND,2011,Qtr 4,November,4,comedy,Hindi,450000,43,Loot
9000,IND,2011,Qtr 4,November,4,"drama,romance",Hindi,240000,61,Miley Naa Miley Hum
18000,IND,2011,Qtr 4,November,11,"drama,romance",Hindi,420000,98,Rockstar
6153720,IND,2011,Qtr 4,November,18,comedy,Hindi,3480000,70,Shakal Pe Mat Ja
25200,IND,2011,Qtr 4,November,25,comedy,Hindi,750000,31,Desi Boyz
31200,IND,2011,Qtr 4,December,2,drama,Hindi,450000,98,The Dirty Picture
17100,IND,2011,Qtr 4,December,9,comedy,Hindi,180000,30,Ladies vs Ricky Bahl
13800,IND,2011,Qtr 4,December,16,"drama,romance",Hindi,210000,43,Jo Hum Chahein
6480,IND,2011,Qtr 4,December,23,"action,thriller",Hindi,150000,67,Don 2: The Chase Continues
6900,IND,2012,Qtr 1,January,6,"action,thriller",Hindi,390000,31,Players
2160,IND,2012,Qtr 1,January,13,"adult,horror",Hindi,54000,46,Ghost
3000,IND,2012,Qtr 1,January,13,comedy,Hindi,240000,76,Sadda Adda
9000,IND,2012,Qtr 1,January,13,"crime,comedy",Hindi,84000,83,Chaalis Chauraasi 4084
3000,IND,2012,Qtr 1,January,26,"action,drama",Hindi,30000,24,Agneepath
612600,IND,2012,Qtr 1,February,3,comedy,Hindi,1320000,22,Love You To Death
11400,IND,2012,Qtr 1,February,3,drama,Hindi,18000,74,Gali Gali Chor Hai
11296110,IND,2012,Qtr 1,February,3,social,Hindi,4320000,32,Staying Alive
4200,IND,2012,Qtr 1,February,10,"adult,romance,thriller",Hindi,180000,62,Valentine's Night
2460,IND,2012,Qtr 1,February,10,"comedy,romance",Hindi,84000,85,Ek Main Aur Ekk Tu
3060,IND,2012,Qtr 1,February,17,"adult,horror",Hindi,60000,76,?: A Question Mark
5592900,IND,2012,Qtr 1,February,17,drama,Hindi,3480000,95,Married 2 America
1375200,IND,2012,Qtr 1,February,17,romance,Hindi,810000,38,Ekk Deewana Tha
27600,IND,2012,Qtr 1,February,24,"comedy,romance",Hindi,108000,47,Tere Naal Love Ho Gaya
9900,IND,2012,Qtr 1,February,24,romance,Hindi,96000,75,Jodi Breakers
11400,IND,2012,Qtr 1,March,2,crime,Hindi,18000,98,Paan Singh Tomar
117600,IND,2012,Qtr 1,March,2,romance,Hindi,540000,43,"London, Paris, New York"
7800,IND,2012,Qtr 1,March,2,romance,Hindi,24000,73,Will You Marry Me?
1621800,IND,2012,Qtr 1,March,9,comedy,Hindi,900000,35,Chaar Din Ki Chandni
29400,IND,2012,Qtr 1,March,9,"drama,thriller",Hindi,390000,84,Kahaani
63600,IND,2012,Qtr 1,March,16,romance,Hindi,720000,32,Akkad Bakkkad Bam Be Bo
37800,IND,2012,Qtr 1,March,16,romance,Hindi,390000,72,Say Yes to Love
134400,IND,2012,Qtr 1,March,16,romance,Hindi,420000,29,Zindagi Tere Naam
126000,IND,2012,Qtr 1,March,23,"suspense,thriller",Hindi,600000,72,Agent Vinod
3900,IND,2012,Qtr 1,March,30,comedy,Hindi,90000,51,Bumboo
8100,IND,2012,Qtr 1,March,30,thriller,Hindi,210000,31,Blood Money
4200,IND,2012,Qtr 2,April,5,"action,comedy",Hindi,72000,83,Housefull 2
960,IND,2012,Qtr 2,April,13,comedy,Hindi,36000,64,Bittoo Boss
34200,IND,2012,Qtr 2,April,13,comedy,Hindi,540000,57,Chhodo Kal Ki Baatein
510,IND,2012,Qtr 2,April,13,drama,Hindi,60000,55,Ab Hoga Dharna Unlimited
147600,IND,2012,Qtr 2,April,20,"adult,thriller",Hindi,1920000,88,Hate Story
50400,IND,2012,Qtr 2,April,20,comedy,Hindi,840000,20,Vicky Donor
1118700,IND,2012,Qtr 2,April,27,action,Hindi,540000,23,Tezz
390000,IND,2012,Qtr 2,April,27,comedy,Hindi,1020000,24,Life Ki Toh Lag Gayi
5992680,IND,2012,Qtr 2,May,4,comedy,Hindi,4800000,50,Fatso!
1239225,IND,2012,Qtr 2,May,4,comedy,Hindi,1500000,96,"Love, Lies & Seetha"
1461600,IND,2012,Qtr 2,May,4,"crime,thriller",Hindi,630000,78,Jannat 2
2151600,IND,2012,Qtr 2,May,4,horror,Hindi,780000,42,The Forest
4988400,IND,2012,Qtr 2,May,11,romance,Hindi,1200000,29,Ishaqzaade
4195800,IND,2012,Qtr 2,May,11,"romance,thriller",Hindi,2760000,82,Dangerous Ishq
1615200,IND,2012,Qtr 2,May,18,"adult,action,crime",Hindi,2640000,65,Department
7570920,IND,2012,Qtr 2,May,18,animation,Hindi,2400000,87,Chhota Bheem And The Curse Of Damyaan
4681140,IND,2012,Qtr 2,May,18,"comedy,film",Hindi,5640000,45,Mr. Bhatti on Chutti
1804920,IND,2012,Qtr 2,May,25,"adult,romantic",Hindi,2760000,25,"Love, Wrinkle-free"
1470900,IND,2012,Qtr 2,May,25,"comedy,romantic",Hindi,2160000,55,Rakhtbeej
810648,IND,2012,Qtr 2,May,25,"computer,animated",Hindi,570000,41,Arjun: The Warrior Prince
1327575,IND,2012,Qtr 2,May,25,crime,Hindi,600000,49,MLA
4570800,IND,2012,Qtr 2,May,25,romantic,Hindi,2160000,35,Yeh Khula Aasmaan
8141400,IND,2012,Qtr 2,June,1,"action,comedy",Hindi,1560000,76,Rowdy Rathore
6224640,IND,2012,Qtr 2,June,8,"political,thriller",Hindi,4800000,81,Shanghai
5398980,IND,2012,Qtr 2,June,15,"drama,comedy",Hindi,3480000,71,Ferrari Ki Sawaari
784548,IND,2012,Qtr 2,June,15,romance,Hindi,870000,38,Qasam Se Qasam Se
2995890,IND,2012,Qtr 2,June,22,"adult,thriller,crime",Hindi,4680000,26,Gangs of Wasseypur
860625,IND,2012,Qtr 2,June,22,"comedy,romance",Hindi,930000,45,Teri Meri Kahaani
544800,IND,2012,Qtr 2,June,29,thriller,Hindi,2160000,60,Maximum
11431950,IND,2012,Qtr 3,July,6,"action,comedy",Hindi,3720000,83,Bol Bachchan
3568350,IND,2012,Qtr 3,July,6,comedy,Hindi,4440000,61,3 Bachelors
4435800,IND,2012,Qtr 3,July,13,romance,Hindi,3720000,48,Cocktail
1242240,IND,2012,Qtr 3,July,20,child,Hindi,1080000,65,Gattu
16200,IND,2012,Qtr 3,July,20,comedy,Hindi,150000,68,Challo Driver
18630,IND,2012,Qtr 3,July,20,comedy,Hindi,210000,56,Mere Dost Picture Abhi Baki Hai
2459190,IND,2012,Qtr 3,July,27,"adult,comedy",Hindi,1800000,88,Kyaa Super Kool Hai Hum
778200,IND,2012,Qtr 3,July,27,drama,Hindi,2640000,58,Overtime
745440,IND,2012,Qtr 3,July,27,social,Hindi,960000,63,Aalaap
456000,IND,2012,Qtr 3,August,3,"adult,thriller",Hindi,1800000,25,Jism 2
569790,IND,2012,Qtr 3,August,3,"computer,animated",Hindi,780000,33,Krishna Aur Kans
946395,IND,2012,Qtr 3,August,8,"adult,thriller,crime",Hindi,690000,77,Gangs of Wasseypur Â?? Part 2
624000,IND,2012,Qtr 3,August,10,thriller,Hindi,2520000,94,Paanch Ghantey Mien Paanch Crore
4331250,IND,2012,Qtr 3,August,15,"action,romance",Hindi,2280000,27,Ek Tha Tiger
9090180,IND,2012,Qtr 3,August,24,"comedy,romance",Hindi,4320000,38,Shirin Farhad Ki Toh Nikal Padi
2131200,IND,2012,Qtr 3,August,31,comedy,Hindi,5400000,20,I M 24
19653600,IND,2012,Qtr 3,August,31,drama,Hindi,6360000,29,Joker
8355600,IND,2012,Qtr 3,August,31,romantic,Hindi,5160000,23,From Sydney with Love
2152275,IND,2012,Qtr 3,August,31,"social,thriller",Hindi,3600000,93,Jalpari: The Desert Mermaid
3386400,IND,2012,Qtr 3,September,7,"adult,suspense,thriller",Hindi,2400000,95,Raaz 3
2592900,IND,2012,Qtr 3,September,7,comedy,Hindi,2160000,66,Chal Pichchur Banate Hain
90000,IND,2012,Qtr 3,September,14,"comedy,romance",Hindi,1080000,92,Barfi!
145200,IND,2012,Qtr 3,September,14,drama,Hindi,1140000,36,Jeena Hai Toh Thok Daal
5040,IND,2012,Qtr 3,September,21,"adult,drama",Hindi,72000,30,Heroine
7800,IND,2012,Qtr 3,September,28,comedy,Hindi,84000,49,Kamaal Dhamaal Malamaal
6080580,IND,2012,Qtr 3,September,28,comedy,Hindi,2760000,87,Oh My God
6600,IND,2012,Qtr 4,October,5,comedy,Hindi,72000,74,Kismet Love Paisa Dilli
1680,IND,2012,Qtr 4,October,5,drama,Hindi,24000,96,English Vinglish
9000,IND,2012,Qtr 4,October,12,"com,rom",Hindi,360000,94,Aiyyaa
2100,IND,2012,Qtr 4,October,12,drama,Hindi,120000,59,Chittagong
9000,IND,2012,Qtr 4,October,12,"drama,thriller",Hindi,480000,57,Login
34800,IND,2012,Qtr 4,October,12,"fantasy,action",Hindi,420000,28,Makkhi
11700,IND,2012,Qtr 4,October,12,horror,Hindi,450000,22,Bhoot Returns
6000,IND,2012,Qtr 4,October,19,"comedy,romance",Hindi,24000,33,Student of the Year
247200,IND,2012,Qtr 4,October,19,"computer,animated",Hindi,660000,36,Delhi Safari
1044,IND,2012,Qtr 4,October,24,"political,thriller",Hindi,12000,70,Chakravyuh
9000,IND,2012,Qtr 4,October,26,comedy,Hindi,540000,69,Ajab Gazabb Love
660,IND,2012,Qtr 4,October,26,"crime,thriller",Hindi,66000,23,Rush
3346800,IND,2012,Qtr 4,November,2,"child,animation,drama",Hindi,3600000,82,Sons Of Ram
4601040,IND,2012,Qtr 4,November,2,comedy,Hindi,4560000,97,Luv Shuv Tey Chicken Khurana
751500,IND,2012,Qtr 4,November,2,drama,Hindi,2160000,71,Future To Bright Hai Ji
514950,IND,2012,Qtr 4,November,2,horror,Hindi,2640000,51,1920: The Evil Returns
81600,IND,2012,Qtr 4,November,2,"musical,comedy",Hindi,1200000,35,Ata Pata Laapata
232800,IND,2012,Qtr 4,November,13,comedy,Hindi,1200000,82,Son Of Sardaar
141450,IND,2012,Qtr 4,November,13,"drama,romance",Hindi,810000,66,Jab Tak Hai Jaan
25800,IND,2012,Qtr 4,November,30,"suspense,drama",Hindi,480000,75,Talaash
52800,IND,2012,Qtr 4,December,7,"action,comedy",Hindi,600000,53,Khiladi 786
15000,IND,2012,Qtr 4,December,14,"drama,thriller",Hindi,600000,76,Cigarette Ki Tarah
529200,IND,2012,Qtr 4,December,21,"action,comedy",Hindi,1800000,94,Dabangg 2
25200,IND,2013,Qtr 1,January,4,comedy,Hindi,120000,86,Meri Shadi Karao
3962640,IND,2013,Qtr 1,January,4,"drama,thriller",Hindi,3000000,30,Table No. 21
213600,IND,2013,Qtr 1,January,4,thriller,Hindi,960000,41,Dehraadun Diary
21000,IND,2013,Qtr 1,January,11,comedy,Hindi,210000,71,Matru Ki Bijlee Ka Mandola
17100,IND,2013,Qtr 1,January,11,drama,Hindi,180000,43,Gangoobai
1710,IND,2013,Qtr 1,January,11,thriller,Hindi,120000,91,Pyaar Mein Aisa Hota Hai
840,IND,2013,Qtr 1,January,18,action,Hindi,120000,58,Mumbai Mirror
420,IND,2013,Qtr 1,January,18,crime,Hindi,48000,34,Bandook
3720,IND,2013,Qtr 1,January,18,"crime,romance",Hindi,180000,23,Inkaar
314400,IND,2013,Qtr 1,January,25,"action,thriller",Hindi,1320000,64,Race 2
13200,IND,2013,Qtr 1,January,25,"musical,animation",Hindi,24000,81,Main Krishna Hoon
16800,IND,2013,Qtr 1,January,25,romance,Hindi,18000,35,Akaash Vani
16800,IND,2013,Qtr 1,February,1,action,Hindi,24000,54,Vishwaroop
52200,IND,2013,Qtr 1,February,1,crime,Hindi,1080000,23,David
2120010,IND,2013,Qtr 1,February,1,drama,Hindi,2160000,63,Listen... Amaya
24600,IND,2013,Qtr 1,February,1,"family,drama",Hindi,270000,53,Mai...
1723284,IND,2013,Qtr 1,February,8,"drama,comedy",Hindi,1440000,31,Special 26
1196694,IND,2013,Qtr 1,February,8,thriller,Hindi,1080000,54,The Unsound
2027880,IND,2013,Qtr 1,February,15,"romance,comedy",Hindi,3600000,80,Jayantabhai Ki Luv Story
2061270,IND,2013,Qtr 1,February,15,thriller,Hindi,2760000,23,Murder 3
26400,IND,2013,Qtr 1,February,22,action,Hindi,360000,62,Zilla Ghaziabad
3300,IND,2013,Qtr 1,February,22,drama,Hindi,360000,30,Kai Po Che!
2340,IND,2013,Qtr 1,March,1,"comedy,romantic",Hindi,60000,26,"I, Me, aur Main"
230820,IND,2013,Qtr 1,March,1,"romance,thriller",Hindi,2280000,85,Bloody Isshq
2216850,IND,2013,Qtr 1,March,8,"drama,thriller",Hindi,4800000,74,"Saheb, Biwi Aur Gangster Returns"
826470,IND,2013,Qtr 1,March,8,"satire,comedy",Hindi,468000,20,Saare Jahaan Se Mehnga
170400,IND,2013,Qtr 1,March,15,comedy,Hindi,240000,62,Mere Dad Ki Maruti
32400,IND,2013,Qtr 1,March,15,"satire,comedy",Hindi,720000,29,Jolly LLB
4800,IND,2013,Qtr 1,March,15,thriller,Hindi,300000,53,3G
1615980,IND,2013,Qtr 1,March,20,action,Hindi,7560000,97,Rangrezz
8700,IND,2013,Qtr 1,March,29,"action,comedy",Hindi,300000,95,Himmatwala
10500,IND,2013,Qtr 2,April,5,comedy,Hindi,48000,96,Chashme Baddoor
6288600,IND,2013,Qtr 2,April,12,"action,romance",Hindi,2520000,48,Commando-A One Man Army
3300,IND,2013,Qtr 2,April,12,"romance,comedy",Hindi,36000,40,Nautanki Saala
133200,IND,2013,Qtr 2,April,19,horror,Hindi,510000,65,Ek Thi Daayan
3300,IND,2013,Qtr 2,April,26,"musical,romance",Hindi,240000,68,Aashiqui 2
118656,IND,2013,Qtr 2,April,26,thriller,Hindi,150000,90,Shree
116400,IND,2013,Qtr 2,May,3,anthology,Hindi,1080000,51,Bombay Talkies
840,IND,2013,Qtr 2,May,3,"child,animation",Hindi,1440000,55,Chhota Bheem And The Throne of Bali
1555200,IND,2013,Qtr 2,May,3,"crime,thriller",Hindi,1800000,89,Shootout at Wadala
1024800,IND,2013,Qtr 2,May,10,"coming,of,age",Hindi,1800000,67,Gippi
1953600,IND,2013,Qtr 2,May,10,"zombie,comedy",Hindi,2880000,58,Go Goa Gone
109200,IND,2013,Qtr 2,May,17,"action,drama",Hindi,600000,22,Aurangzeb
52200,IND,2013,Qtr 2,May,17,drama,Hindi,150000,61,Beehad - The Ravines
2299200,IND,2013,Qtr 2,May,17,"drama,romantic",Hindi,1080000,61,I Don't Luv U
870,IND,2013,Qtr 2,May,24,"comedy,romantic",Hindi,210000,80,Hum Hai Raahi CAR Ke
870,IND,2013,Qtr 2,May,24,romance,Hindi,84000,36,Ishkq in Paris
32400,IND,2013,Qtr 2,May,24,social,Hindi,240000,95,Zindagi 50-50
10359840,IND,2013,Qtr 2,May,31,"comedy,romantic",Hindi,9840000,54,Yeh Jawaani Hai Deewani
12933810,IND,2013,Qtr 2,June,7,"action,comedy",Hindi,6600000,33,Yamla Pagla Deewana 2
12489000,IND,2013,Qtr 2,June,14,comedy,Hindi,16560000,24,Fukrey
23319300,IND,2013,Qtr 2,June,14,thriller,Hindi,8520000,29,Ankur Arora Murder Case
34982880,IND,2013,Qtr 2,June,21,action,Hindi,11400000,57,Enemmy
15187050,IND,2013,Qtr 2,June,21,romance,Hindi,4800000,71,Raanjhanaa
18166680,IND,2013,Qtr 2,June,21,"romantic,thriller",Hindi,5040000,72,Romeo
18541680,IND,2013,Qtr 2,June,28,"comedy,thriller",Hindi,10680000,76,Ghanchakkar
32482950,IND,2013,Qtr 3,July,5,action,Hindi,19200000,35,Policegiri
6587340,IND,2013,Qtr 3,July,5,"romance,thriller",Hindi,8880000,46,Lootera
18379320,IND,2013,Qtr 3,July,12,biopic,Hindi,7200000,75,Bhaag Milkha Bhaag
15000,IND,2013,Qtr 3,July,12,comedy,Hindi,24000,37,Boyss Toh Boyss Hain
21000,IND,2013,Qtr 3,July,12,drama,Hindi,360000,49,B.A. Pass
864,IND,2013,Qtr 3,July,12,drama,Hindi,36000,68,Sixteen
448800,IND,2013,Qtr 3,July,19,"action,drama",Hindi,420000,64,D Day
188400,IND,2013,Qtr 3,July,19,"avant,garde",Hindi,480000,74,Ship of Theseus
43200,IND,2013,Qtr 3,July,19,"com,rom",Hindi,66000,80,Ramaiya Vastavaiya
10104270,IND,2013,Qtr 3,July,26,comedy,Hindi,1800000,92,Bajatey Raho
25200,IND,2013,Qtr 3,July,26,"drama,romance",Hindi,30000,91,Issaq
11261040,IND,2013,Qtr 3,July,26,"erotic,thriller",Hindi,3840000,43,Nasha
10943400,IND,2013,Qtr 3,July,26,romance,Hindi,2760000,63,Luv U Soniyo
5117100,IND,2013,Qtr 3,August,2,comedy,Hindi,3840000,31,Chor Chor Super Chor
3409200,IND,2013,Qtr 3,August,2,comedy,Hindi,2640000,67,Rabba Main Kya Karoon
8879490,IND,2013,Qtr 3,August,2,"drama,thriller",Hindi,2760000,94,Calapor
3734490,IND,2013,Qtr 3,August,2,romance,Hindi,5400000,35,Love in Bombay
4272720,IND,2013,Qtr 3,August,9,"action,comedy",Hindi,3720000,84,Chennai Express
7411380,IND,2013,Qtr 3,August,15,"crime,romance",Hindi,4920000,92,Once Upon Ay Time In Mumbai Dobaara!
420,IND,2013,Qtr 3,August,23,"espionage,drama,thriller",Hindi,48000,65,Madras Cafe
2934420,IND,2013,Qtr 3,August,30,"political,thriller",Hindi,1140000,34,Satyagraha
387600,IND,2013,Qtr 3,September,6,"action,thriller",Hindi,420000,68,Zanjeer
20400,IND,2013,Qtr 3,September,6,romance,Hindi,360000,26,Shuddh Desi Romance
5661360,IND,2013,Qtr 3,September,7,drama,Hindi,2040000,61,Siddharth
5694150,IND,2013,Qtr 3,September,13,"adult,comedy",Hindi,3240000,47,Grand Masti
1777200,IND,2013,Qtr 3,September,13,horror,Hindi,1320000,22,Horror Story
11022600,IND,2013,Qtr 3,September,13,thriller,Hindi,2760000,89,John Day
2523600,IND,2013,Qtr 3,September,20,"com,rom,action",Hindi,2040000,66,Phata Poster Nikla Hero
2421600,IND,2013,Qtr 3,September,20,drama,Hindi,840000,97,The Lunchbox
420,IND,2013,Qtr 3,September,27,drama,Hindi,18000,48,Super Model
7800,IND,2013,Qtr 3,September,27,"psychological,romance,thriller",Hindi,300000,60,Prague
19800,IND,2013,Qtr 3,September,27,"suspense,thriller",Hindi,420000,45,Maazii
32400,IND,2013,Qtr 3,September,27,thriller,Hindi,96000,45,Warning
5100,IND,2013,Qtr 4,October,11,comedy,Hindi,36000,43,Baat Ban Gayi
211200,IND,2013,Qtr 4,October,11,"comedy,war",Hindi,330000,44,War Chhod Na Yaar
63600,IND,2013,Qtr 4,October,11,crime,Hindi,480000,82,Paapi - Ek Satya Katha
767040,IND,2013,Qtr 4,October,11,drama,Hindi,900000,51,Ek Thee Sanam
6600,IND,2013,Qtr 4,October,16,masala,Hindi,150000,53,Boss
10500,IND,2013,Qtr 4,October,18,"biography,drama",Hindi,120000,26,Shahid
27300,IND,2013,Qtr 4,October,25,comedy,Hindi,540000,25,Sooper Se Ooper
370800,IND,2013,Qtr 4,October,25,"comedy,thriller",Hindi,900000,50,Mickey Virus
11400,IND,2013,Qtr 4,October,25,crime,Hindi,120000,70,Dilli Gang
16800,IND,2013,Qtr 4,October,25,"crime,drama",Hindi,150000,22,Amdavad Junction
26400,IND,2013,Qtr 4,October,25,"drama,political",Hindi,300000,21,Wake Up India
1800,IND,2013,Qtr 4,October,25,romance,Hindi,180000,47,Ishk Actually
9000,IND,2013,Qtr 4,November,1,superhero,Hindi,180000,95,Krrish 3
6000,IND,2013,Qtr 4,November,8,crime,Hindi,300000,33,Satya 2
3900,IND,2013,Qtr 4,November,15,"drama,romance",Hindi,180000,28,Goliyon Ki Rasleela Ram-Leela
52800,IND,2013,Qtr 4,November,15,romance,Hindi,330000,77,Rajjo
5400,IND,2013,Qtr 4,November,22,action,Hindi,90000,98,Singh Saab The Great
21900,IND,2013,Qtr 4,November,22,"comedy,romance",Hindi,330000,66,Gori Tere Pyaar Mein
1166175,IND,2013,Qtr 4,November,29,"crime,romance,comedy",Hindi,2760000,40,Bullett Raja
3950400,IND,2013,Qtr 4,December,6,"action,romance",Hindi,2400000,53,R... Rajkumar
1225080,IND,2013,Qtr 4,December,13,"comedy,thriller",Hindi,3480000,21,Jackpot
1134000,IND,2013,Qtr 4,December,13,drama,Hindi,3360000,24,What the Fish
24600,IND,2013,Qtr 4,December,20,action,Hindi,180000,76,Dhoom 3
2700,IND,2014,Qtr 1,January,3,"adventure,action",Hindi,120000,21,Sholay 3D
870,IND,2014,Qtr 1,January,3,comedy,Hindi,810000,27,Mr Joe B. Carvalho
4680,IND,2014,Qtr 1,January,10,"black,comedy,thriller",Hindi,180000,39,Dedh Ishqiya
13500,IND,2014,Qtr 1,January,10,romance,Hindi,60000,82,Yaariyan
73800,IND,2014,Qtr 1,January,17,"comedy,romantic",Hindi,450000,49,Paranthe Wali Gali
7800,IND,2014,Qtr 1,January,17,drama,Hindi,96000,41,Miss Lovely
162000,IND,2014,Qtr 1,January,17,drama,Hindi,1080000,83,Strings Of Passion
118800,IND,2014,Qtr 1,January,17,experimental,Hindi,510000,74,Om-Dar-Ba-Dar
1200,IND,2014,Qtr 1,January,17,romance,Hindi,54000,72,Karle Pyaar Karle
31800,IND,2014,Qtr 1,January,24,"action,comedy",Hindi,720000,32,Jai Ho
31800,IND,2014,Qtr 1,January,31,"comedy,romance",Hindi,390000,37,One by Two
3240,IND,2014,Qtr 1,February,7,comedy,Hindi,270000,95,Babloo Happy Hai
50400,IND,2014,Qtr 1,February,7,"comedy,romance",Hindi,660000,50,Hasee Toh Phasee
1779345,IND,2014,Qtr 1,February,7,"social,drama",Hindi,2160000,82,Ya Rab
15840,IND,2014,Qtr 1,February,7,thriller,Hindi,300000,69,Heartless
48012,IND,2014,Qtr 1,February,14,action,Hindi,420000,87,Gunday
214026,IND,2014,Qtr 1,February,14,social,Hindi,720000,77,Kaho Na Kaho
20252040,IND,2014,Qtr 1,February,21,"action,drama",Hindi,12960000,25,The Dark Secrets Of Tonhi
200400,IND,2014,Qtr 1,February,21,documentary,Hindi,420000,27,Gulabi Gang (film)
940800,IND,2014,Qtr 1,February,21,drama,Hindi,1920000,80,Dee Saturday Night
6312750,IND,2014,Qtr 1,February,21,drama,Hindi,4920000,93,Pyar Ka Live Show
156000,IND,2014,Qtr 1,February,21,"drama,romance",Hindi,540000,70,Highway
100800,IND,2014,Qtr 1,February,21,horror,Hindi,570000,80,Darr @ the Mall
1870200,IND,2014,Qtr 1,February,21,thriller,Hindi,4200000,39,Karar: The Deal
283200,IND,2014,Qtr 1,February,28,"comedy,romance",Hindi,1440000,57,Shaadi Ke Side Effects
419160,IND,2014,Qtr 1,February,28,drama,Hindi,900000,45,Anuradha
1654620,IND,2014,Qtr 1,March,7,"drama,comedy",Hindi,2400000,87,Total Siyapaa
9400410,IND,2014,Qtr 1,March,7,"drama,romance",Hindi,3360000,41,Queen
2568300,IND,2014,Qtr 1,March,7,"social,action",Hindi,1440000,54,Gulaab Gang
416100,IND,2014,Qtr 1,March,14,horror,Hindi,2160000,63,Neighbours: They Are Vampires
3860400,IND,2014,Qtr 1,March,14,romance,Hindi,1200000,83,Bewakoofiyaan
4683840,IND,2014,Qtr 1,March,14,thriller,Hindi,3360000,55,W
9906510,IND,2014,Qtr 1,March,21,"adult,horror",Hindi,5880000,87,Ragini MMS 2
4269825,IND,2014,Qtr 1,March,21,comedy,Hindi,5160000,97,Ankhon Dekhi
931500,IND,2014,Qtr 1,March,21,drama,Hindi,690000,83,Lakshmi
14251560,IND,2014,Qtr 1,March,21,"horror,comedy",Hindi,7320000,49,Gang of Ghosts
8107680,IND,2014,Qtr 1,March,28,action,Hindi,4200000,38,Dishkiyaoon
2606925,IND,2014,Qtr 1,March,28,comedy,Hindi,2280000,46,O Teri
182400,IND,2014,Qtr 1,March,28,drama,Hindi,240000,78,Youngistaan
6900,IND,2014,Qtr 1,March,28,thriller,Hindi,36000,89,Station: The Film
58800,IND,2014,Qtr 2,April,4,comedy,Hindi,150000,24,Main Tera Hero
6000,IND,2014,Qtr 2,April,4,"fantasy,drama",Hindi,18000,29,Jal
80400,IND,2014,Qtr 2,April,4,"sci,fi,comedy",Hindi,210000,84,Ebn-E-Batuta
34800,IND,2014,Qtr 2,April,4,social,Hindi,600000,75,Honour Killing
15900,IND,2014,Qtr 2,April,11,"fantasy,child",Hindi,120000,50,Bhoothnath Returns
7800,IND,2014,Qtr 2,April,18,comedy,Hindi,36000,77,Dekh Tamasha Dekh
5045880,IND,2014,Qtr 2,April,18,"comedy,romance",Hindi,3600000,96,Lucky Kabootar
11400,IND,2014,Qtr 2,April,18,romance,Hindi,48000,52,2 States
325200,IND,2014,Qtr 2,April,25,drama,Hindi,480000,72,Revolver Rani
3300,IND,2014,Qtr 2,April,25,"musical,drama",Hindi,30000,38,Kaanchi...
891600,IND,2014,Qtr 2,April,25,"mystery,drama,thriller",Hindi,780000,26,Samrat & Co.
621000,IND,2014,Qtr 2,May,2,action,Hindi,540000,59,Angry Young Man
30600,IND,2014,Qtr 2,May,2,"drama,romance",Hindi,240000,57,Purani Jeans
2100,IND,2014,Qtr 2,May,2,romance,Hindi,54000,70,Kahin Hai Mera Pyar
106800,IND,2014,Qtr 2,May,2,social,Hindi,360000,28,Kya Dilli Kya Lahore
11690160,IND,2014,Qtr 2,May,9,action,Hindi,2760000,79,Koyelaanchal
3780,IND,2014,Qtr 2,May,9,adult,Hindi,150000,48,Mastram
112800,IND,2014,Qtr 2,May,9,comedy,Hindi,300000,48,Yeh Hai Bakrapur
3156300,IND,2014,Qtr 2,May,9,drama,Hindi,3360000,82,Hawaa Hawaai
142800,IND,2014,Qtr 2,May,9,drama,Hindi,1320000,37,Manjunath
1424400,IND,2014,Qtr 2,May,9,"drama,romance",Hindi,3240000,84,Khwaabb
8592000,IND,2014,Qtr 2,May,16,drama,Hindi,1920000,63,Children of War
1992480,IND,2014,Qtr 2,May,16,mystery,Hindi,4800000,25,M3 - Midsummer Midnight Mumbai
31200,IND,2014,Qtr 2,May,16,thriller,Hindi,150000,46,The Xpos??
5100,IND,2014,Qtr 2,May,23,action,Hindi,12000,67,Kochadaiiyaan
3101400,IND,2014,Qtr 2,May,23,"action,romance",Hindi,2280000,57,Heropanti
6900,IND,2014,Qtr 2,May,30,comedy,Hindi,30000,55,Kuku Mathur Ki Jhand Ho Gayi
10500,IND,2014,Qtr 2,May,30,drama,Hindi,120000,50,City Lights
978000,IND,2014,Qtr 2,June,6,"action,thriller",Hindi,1200000,43,Holiday
56400,IND,2014,Qtr 2,June,6,comedy,Hindi,330000,47,Filmistaan
6854100,IND,2014,Qtr 2,June,13,"drama,comedy",Hindi,4200000,63,Fugly
11916000,IND,2014,Qtr 2,June,13,horror,Hindi,4200000,84,Machhli Jal Ki Rani Hai
8653200,IND,2014,Qtr 2,June,20,"romance,drama,comedy",Hindi,3840000,90,Humshakals
1042560,IND,2014,Qtr 2,June,27,"romance,thriller",Hindi,3120000,85,Ek Villain
1333500,IND,2014,Qtr 3,July,4,"comedy,romance",Hindi,3360000,72,Lekar Hum Deewana Dil
6600,IND,2014,Qtr 3,July,4,"drama,comedy",Hindi,96000,67,Bobby Jasoos
2043600,IND,2014,Qtr 3,July,11,"comedy,romance",Hindi,1170000,97,Humpty Sharma Ki Dulhania
10200,IND,2014,Qtr 3,July,18,"action,drama",Hindi,240000,56,Riyasat
18000,IND,2014,Qtr 3,July,18,"comedy,romance",Hindi,108000,38,Amit Sahni Ki List
10581210,IND,2014,Qtr 3,July,18,drama,Hindi,2640000,94,Bazaar-E-Husn
45300,IND,2014,Qtr 3,July,18,horror,Hindi,300000,66,Pizza
367200,IND,2014,Qtr 3,July,18,thriller,Hindi,1200000,81,Hate Story 2
193200,IND,2014,Qtr 3,July,25,"action,comedy",Hindi,600000,98,Kick
814080,IND,2014,Qtr 3,August,8,comedy,Hindi,540000,52,Entertainment
706800,IND,2014,Qtr 3,August,15,action,Hindi,1200000,97,Singham Returns
182400,IND,2014,Qtr 3,August,22,"action,drama",Hindi,720000,23,Mardaani
602640,IND,2014,Qtr 3,August,22,comedy,Hindi,420000,41,Mumbhai Connection
99600,IND,2014,Qtr 3,August,22,dance,Hindi,570000,63,Mad About Dance
12000,IND,2014,Qtr 3,August,22,romance,Hindi,60000,77,Life is Beautiful!
136800,IND,2014,Qtr 3,August,29,"action,comedy",Hindi,390000,53,Abhinay Chakra
23400,IND,2014,Qtr 3,August,29,thriller,Hindi,420000,58,Raja Natwarlal
98400,IND,2014,Qtr 3,September,5,drama,Hindi,900000,66,Mary Kom
8100,IND,2014,Qtr 3,September,12,"drama,comedy",Hindi,12000,50,Finding Fanny
12000,IND,2014,Qtr 3,September,12,horror,Hindi,570000,35,Creature
5400,IND,2014,Qtr 3,September,19,"comedy,romance",Hindi,3900,30,Khoobsurat
1680,IND,2014,Qtr 3,September,19,"drama,comedy",Hindi,24000,93,Daawat-E-Ishq
1680,IND,2014,Qtr 3,September,26,"action,drama",Hindi,96000,40,Desi Kattey
9000,IND,2014,Qtr 3,September,26,comedy,Hindi,510000,26,Balwinder Singh Famous Ho Gaya
21600,IND,2014,Qtr 3,September,26,horror,Hindi,150000,24,3 A.M.
138000,IND,2014,Qtr 3,September,26,"social,satire",Hindi,600000,37,Meinu Ek Ladki Chaahiye
21187.5,IND,2014,Qtr 3,September,26,thriller,Hindi,150000,77,Chaarfutiya Chhokare
199200,IND,2014,Qtr 4,October,2,action,Hindi,630000,51,Bang Bang!
728400,IND,2014,Qtr 4,October,2,drama,Hindi,1440000,41,Haider
2587200,IND,2014,Qtr 4,October,10,"crime,romance",Hindi,840000,89,Tamanchey
15000,IND,2014,Qtr 4,October,10,romance,Hindi,240000,30,Jigariyaa
6000,IND,2014,Qtr 4,October,10,"satire,political",Hindi,90000,34,Ekkees Toppon Ki Salaami
13200,IND,2014,Qtr 4,October,17,"drama,comedy",Hindi,210000,29,Sonali Cable
1540725,IND,2014,Qtr 4,October,17,horror,Hindi,510000,72,Mumbai 125 KM 3D
4350,IND,2014,Qtr 4,October,24,"action,comedy",Hindi,60000,94,Happy New Year
6300,IND,2014,Qtr 4,October,31,"action,drama",Hindi,120000,81,Roar - Tigers of Sunderbans
10800,IND,2014,Qtr 4,October,31,drama,Hindi,18000,97,Fireflies
2160,IND,2014,Qtr 4,October,31,drama,Hindi,36000,35,Mumbai Can Dance Saala
18300,IND,2014,Qtr 4,October,31,drama,Hindi,48000,77,Super Nani
9900,IND,2014,Qtr 4,November,6,"historical,animation",Hindi,150000,91,Chaar Sahibzaade
1317360,IND,2014,Qtr 4,November,7,comedy,Hindi,1320000,70,The Shaukeens
870960,IND,2014,Qtr 4,November,7,drama,Hindi,1080000,55,A Decent Arrangement
2250,IND,2014,Qtr 4,November,7,drama,Hindi,30000,97,Rang Rasiya
1771200,IND,2014,Qtr 4,November,14,"drama,romance",Hindi,1080000,58,Kill Dil
141600,IND,2014,Qtr 4,November,14,"found,horror,footage",Hindi,114000,97,6 - 5 = 2
1453440,IND,2014,Qtr 4,November,21,comedy,Hindi,630000,50,Golu Aur Pappu
1231464,IND,2014,Qtr 4,November,21,"comedy,romance",Hindi,480000,22,Happy Ending
382800,IND,2014,Qtr 4,November,21,"comedy,romance",Hindi,1080000,63,Titoo MBA
1084200,IND,2014,Qtr 4,November,21,drama,Hindi,1200000,21,Wah Taj
1401600,IND,2014,Qtr 4,November,28,comedy,Hindi,1080000,89,Hum Hai Teen Khurafaati
18300,IND,2014,Qtr 4,November,28,drama,Hindi,180000,87,Ungli
3600,IND,2014,Qtr 4,November,28,drama,Hindi,18000,71,Zed Plus
48000,IND,2014,Qtr 4,November,28,"erotica,thriller",Hindi,780000,45,Zid
9600,IND,2014,Qtr 4,December,5,comedy,Hindi,90000,62,Action Jackson
24000,IND,2014,Qtr 4,December,5,drama,Hindi,180000,72,Bhopal: A Prayer for Rain
8400,IND,2014,Qtr 4,December,5,drama,Hindi,1440000,75,Mumbai Delhi Mumbai
46800,IND,2014,Qtr 4,December,5,drama,Hindi,360000,68,Take It Easy
61200,IND,2014,Qtr 4,December,5,"social,drama",Hindi,180000,54,Sulemani Keeda
1990680,IND,2014,Qtr 4,December,12,comedy,Hindi,3480000,58,Objection My God
6300,IND,2014,Qtr 4,December,12,drama,Hindi,42000,62,LUV...Phir Kabhie
78000,IND,2014,Qtr 4,December,12,"drama,romance",Hindi,600000,70,Life Mein Twist Hai
3412800,IND,2014,Qtr 4,December,12,"romance,comedy",Hindi,2400000,78,Main Aur Mr. Riight
217500,IND,2014,Qtr 4,December,12,sport,Hindi,2160000,60,Badlapur Boys
223200,IND,2014,Qtr 4,December,12,"suspense,thriller",Hindi,1080000,77,Room - The Mystery
72000,IND,2014,Qtr 4,December,19,"drama,comedy",Hindi,480000,43,PK
4323600,IND,2014,Qtr 4,December,26,"action,thriller",Hindi,1560000,86,Lingaa
26400,IND,2014,Qtr 4,December,26,thriller,Hindi,72000,63,Ugly
1290600,IND,2015,Qtr 1,January,2,drama,Hindi,720000,94,International Hero
41100,IND,2015,Qtr 1,January,2,drama,Hindi,900000,73,Take It Easy
3456165,IND,2015,Qtr 1,January,2,thriller,Hindi,2280000,32,Mumbai Can Dance Saala
10200,IND,2015,Qtr 1,January,9,"action,romance",Hindi,180000,52,Tevar
662310,IND,2015,Qtr 1,January,16,comedy,Hindi,720000,50,Crazy Cukkad Family
906990,IND,2015,Qtr 1,January,16,"comedy,thriller",Hindi,3360000,92,Sharafat Gayi Tel Lene
184800,IND,2015,Qtr 1,January,16,horror,Hindi,420000,83,Alone
1290195,IND,2015,Qtr 1,January,23,"comedy,romantic",Hindi,1440000,68,Dolly Ki Doli
1017600,IND,2015,Qtr 1,January,23,thriller,Hindi,1320000,53,Baby
310464,IND,2015,Qtr 1,January,30,comedy,Hindi,960000,82,Chal Guru Ho Ja Shuru
2160,IND,2015,Qtr 1,January,30,drama,Hindi,60000,87,Hawaizaada
6000,IND,2015,Qtr 1,January,30,horror,Hindi,48000,70,Khamoshiyan: Silences Have Secrets
3480,IND,2015,Qtr 1,January,30,mystery,Hindi,36000,39,Rahasya
12600,IND,2015,Qtr 1,February,6,drama,Hindi,270000,91,Jai Jawaan Jai Kisaan
37200,IND,2015,Qtr 1,February,6,drama,Hindi,420000,61,Shamitabh
696840,IND,2015,Qtr 1,February,13,"action,drama",Hindi,1560000,80,MSG: The Messenger
1272000,IND,2015,Qtr 1,February,13,"romance,thriller",Hindi,1320000,84,Roy
16200,IND,2015,Qtr 1,February,20,"action,thriller",Hindi,180000,90,Badlapur
183600,IND,2015,Qtr 1,February,20,"historical,drama",Hindi,270000,97,Qissa
66600,IND,2015,Qtr 1,February,27,comedy,Hindi,360000,96,Dum Laga Ke Haisha
1440,IND,2015,Qtr 1,February,27,"crime,drama",Hindi,120000,71,Ab Tak Chhappan 2
4556388,IND,2015,Qtr 1,March,4,comedy,Hindi,2520000,58,Hey Bro
9900,IND,2015,Qtr 1,March,4,"comedy,romantic",Hindi,300000,26,Badmashiyaan
23400,IND,2015,Qtr 1,March,4,"drama,political",Hindi,480000,46,Dirty Politics
23400,IND,2015,Qtr 1,March,4,"drama,romance",Hindi,750000,69,Coffee Bloom
57000,IND,2015,Qtr 1,March,13,thriller,Hindi,600000,68,NH10
130017.6,IND,2015,Qtr 1,March,20,comedy,Hindi,420000,83,Dilliwali Zaalim Girlfriend
28200,IND,2015,Qtr 1,March,20,comedy,Hindi,330000,68,Hunterrr
448800,IND,2015,Qtr 1,March,27,romance,Hindi,1320000,72,Barkhaa
615210,IND,2015,Qtr 2,April,2,comedy,Hindi,1080000,74,Paisa Ho Paisa
70800,IND,2015,Qtr 2,April,2,thriller,Hindi,960000,61,Detective Byomkesh Bakshy
60000,IND,2015,Qtr 2,April,3,romance,Hindi,60000,76,Luckhnowi Ishq
840,IND,2015,Qtr 2,April,10,drama,Hindi,48000,97,Dharam Sankat Mein
43200,IND,2015,Qtr 2,April,10,musical,Hindi,720000,25,Ek Paheli Leela
19500,IND,2015,Qtr 2,April,17,drama,Hindi,240000,24,Court
16500,IND,2015,Qtr 2,April,17,drama,Hindi,600000,71,Margarita with a Straw
6300,IND,2015,Qtr 2,April,17,"drama,dance",Hindi,210000,55,Ek Adbhut Dakshina Guru Dakshina
22200,IND,2015,Qtr 2,April,17,horror,Hindi,330000,81,NH-8 Road to Nidhivan
24000,IND,2015,Qtr 2,April,17,"sci,fi,thriller",Hindi,300000,69,Mr. X
78522,IND,2015,Qtr 2,April,24,comedy,Hindi,180000,98,Kaagaz Ke Fools
26400,IND,2015,Qtr 2,April,24,romance,Hindi,48000,70,Ishq Ke Parindey
4800,IND,2015,Qtr 2,May,1,"crime,action",Hindi,240000,30,Gabbar is Back
3000,IND,2015,Qtr 2,May,1,"drama,thriller",Hindi,210000,45,Sabki Bajegi Band
79983,IND,2015,Qtr 2,May,8,comedy,Hindi,150000,77,Kuch Kuch Locha Hai
68400,IND,2015,Qtr 2,May,8,"drama,comedy",Hindi,840000,83,Piku
13200,IND,2015,Qtr 2,May,15,"crime,drama",Hindi,360000,88,Bombay Velvet
7800,IND,2015,Qtr 2,May,22,"comedy,romance",Hindi,48000,75,Tanu Weds Manu Returns
7800,IND,2015,Qtr 2,May,22,"spoof,comedy,thriller",Hindi,54000,39,Main Hoon Rajinikanth
3000,IND,2015,Qtr 2,May,29,comedy,Hindi,84000,39,I Love Desi
636000,IND,2015,Qtr 2,May,29,comedy,Hindi,2880000,35,P Se PM Tak
100800,IND,2015,Qtr 2,May,29,comedy,Hindi,570000,61,Welcome 2 Karachi
4800,IND,2015,Qtr 2,May,29,drama,Hindi,240000,35,Ishqedarriyaan
237432,IND,2015,Qtr 2,June,5,drama,Hindi,540000,20,Dil Dhadakne Do
27600,IND,2015,Qtr 2,June,5,drama,Hindi,420000,52,Mere Genie Uncle 3D
273600,IND,2015,Qtr 2,June,12,"drama,romance",Hindi,1440000,55,Hamari Adhuri Kahani
122715,IND,2015,Qtr 2,June,19,dance,Hindi,450000,51,ABCD 2
32700,IND,2015,Qtr 2,June,26,"drama,comedy",Hindi,390000,27,Miss Tanakpur Haazir Ho
870,IND,2015,Qtr 2,June,26,"social,comedy",Hindi,120000,43,Uvaa
54367.5,IND,2015,Qtr 3,July,3,comedy,Hindi,150000,52,Guddu Rangeela
6600,IND,2015,Qtr 3,July,3,drama,Hindi,240000,94,Second Hand Husband
30000,IND,2015,Qtr 3,July,3,romance,Hindi,270000,50,Bezubaan Ishq
3720,IND,2015,Qtr 3,July,10,action,Hindi,720000,92,Baahubali
82122,IND,2015,Qtr 3,July,10,"drama,romance",Hindi,660000,23,I Love NY
18600,IND,2015,Qtr 3,July,17,"drama,romance",Hindi,330000,28,Thoda Lutf Thoda Ishq
411600,IND,2015,Qtr 3,July,24,drama,Hindi,720000,76,Aisa Yeh Jahaan
132000,IND,2015,Qtr 3,July,24,"drama,action,comedy",Hindi,720000,85,Bajrangi Bhaijaan
9900,IND,2015,Qtr 3,July,31,drama,Hindi,240000,96,Masaan
3300,IND,2015,Qtr 3,August,7,"drama,thriller",Hindi,36000,91,Drishyam
5100,IND,2015,Qtr 3,August,14,drama,Hindi,150000,40,All Is Well
46800,IND,2015,Qtr 3,August,14,drama,Hindi,480000,85,Brothers
10500,IND,2015,Qtr 3,August,21,comedy,Hindi,210000,22,Bangistan
89568.6,IND,2015,Qtr 3,August,21,drama,Hindi,84000,47,Gour Hari Dastaan
75040.8,IND,2015,Qtr 3,August,21,drama,Hindi,78000,33,Manjhi - The Mountain Man
37800,IND,2015,Qtr 3,August,28,drama,Hindi,48000,35,Rolling Dream
3000,IND,2015,Qtr 3,August,28,"social,drama",Hindi,60000,84,Kaun Kitney Paani Mein
960,IND,2015,Qtr 3,September,4,"action,thriller",Hindi,96000,73,Phantom
9600,IND,2015,Qtr 3,September,11,"action,romance",Hindi,30000,85,Hero
8100,IND,2015,Qtr 3,September,11,"comedy,romance",Hindi,24000,89,Welcome Back
5100,IND,2015,Qtr 3,September,18,"action,drama",Hindi,150000,42,Sorry Daddy
5100,IND,2015,Qtr 3,September,18,"comedy,romance",Hindi,9000,90,Katti Batti
14700,IND,2015,Qtr 3,September,18,"crime,comedy",Hindi,300000,38,Meeruthiya Gangster
6900,IND,2015,Qtr 3,September,25,"action,thriller",Hindi,18000,67,MSG-2:The Messenger
418170,IND,2015,Qtr 3,September,25,comedy,Hindi,3600000,43,Kis Kisko Pyaar Karoon
126000,IND,2015,Qtr 3,September,25,drama,Hindi,540000,57,Bhaag Johnny
15600,IND,2015,Qtr 3,September,25,drama,Hindi,240000,72,Calendar Girls
5400,IND,2015,Qtr 3,September,25,drama,Hindi,42000,53,Time Out
7800,IND,2015,Qtr 4,October,2,comedy,Hindi,210000,35,Singh Is Bliing
1123200,IND,2015,Qtr 4,October,2,thriller,Hindi,2160000,25,Talvar
45600,IND,2015,Qtr 4,October,9,"action,drama",Hindi,570000,49,Jazbaa
343200,IND,2015,Qtr 4,October,16,comedy,Hindi,1440000,70,Bumper Draw
310800,IND,2015,Qtr 4,October,16,comedy,Hindi,1440000,46,Pyaar Ka Punchnama 2
510,IND,2015,Qtr 4,October,16,comedy,Hindi,60000,33,Wedding Pullav
2822730,IND,2015,Qtr 4,October,16,"drama,romantic",Hindi,2760000,88,Chinar Daastaan-E-Ishq
3600,IND,2015,Qtr 4,October,22,"comedy,romance",Hindi,60000,22,Shaandaar
444000,IND,2015,Qtr 4,October,30,biopic,Hindi,780000,31,Prithipal Singh... A Story
3817800,IND,2015,Qtr 4,October,30,comedy,Hindi,2280000,38,Guddu Ki Gun
22200,IND,2015,Qtr 4,October,30,crime,Hindi,300000,61,Titli
78000,IND,2015,Qtr 4,October,30,political,Hindi,360000,39,Once Upon A Time In Bihar
4900440,IND,2015,Qtr 4,October,30,romance,Hindi,4440000,22,Love Exchange
1140,IND,2015,Qtr 4,October,30,thriller,Hindi,108000,75,Main Aur Charles
30300,IND,2015,Qtr 4,November,6,action,Hindi,480000,32,Ranbanka
428400,IND,2015,Qtr 4,November,6,"crime,thriller",Hindi,1110000,40,Charlie Kay Chakkar Mein
494400,IND,2015,Qtr 4,November,6,romance,Hindi,1800000,93,Yaara Silly Silly
134400,IND,2015,Qtr 4,November,6,thriller,Hindi,900000,48,Four Pillars of Basement
122400,IND,2015,Qtr 4,November,12,romance,Hindi,720000,60,Prem Ratan Dhan Payo
188400,IND,2015,Qtr 4,November,20,anthology,Hindi,780000,98,X
1946400,IND,2015,Qtr 4,November,27,drama,Hindi,360000,52,Angry Indian Goddesses
127200,IND,2015,Qtr 4,November,27,romance,Hindi,360000,33,Tamasha
103200,IND,2015,Qtr 4,December,4,"adult,thriller",Hindi,540000,22,Hate Story 3
336000,IND,2015,Qtr 4,December,4,drama,Hindi,1140000,35,Kajarya
40200,IND,2015,Qtr 4,December,11,adventure,Hindi,102000,90,The Silent Heroes
36000,IND,2015,Qtr 4,December,18,"action,romance",Hindi,36000,75,Dilwale
25200,IND,2015,Qtr 4,December,18,romance,Hindi,150000,60,Bajirao Mastani
11700,IND,2016,Qtr 1,January,1,"neo,noir",Hindi,480000,33,Monsoon Shootout
39900,IND,2016,Qtr 1,January,8,thriller,Hindi,42000,82,Wazir
108000,IND,2016,Qtr 1,January,15,biopic,Hindi,1440000,88,Rebellious Flower
3840,IND,2016,Qtr 1,January,15,drama,Hindi,120000,47,Chalk n Duster
2068800,IND,2016,Qtr 1,January,22,"adult,comedy",Hindi,1020000,93,Kyaa Kool Hain Hum 3
1281360,IND,2016,Qtr 1,January,22,"musical,drama",Hindi,1200000,24,Jugni
3745989,IND,2016,Qtr 1,January,22,"war,thriller",Hindi,2160000,52,Airlift
272400,IND,2016,Qtr 1,January,29,"adult,comedy",Hindi,270000,78,Mastizaade
1514400,IND,2016,Qtr 1,January,29,sport,Hindi,1200000,80,Saala Khadoos
485025,IND,2016,Qtr 1,February,5,"action,drama",Hindi,540000,23,Ghayal Once Again
2505300,IND,2016,Qtr 1,February,5,romance,Hindi,2760000,85,Sanam Teri Kasam
63600,IND,2016,Qtr 1,February,12,"drama,romance",Hindi,270000,62,Fitoor
41400,IND,2016,Qtr 1,February,12,romance,Hindi,570000,92,Sanam Re
3839100,IND,2016,Qtr 1,February,19,"biopic,drama",Hindi,2280000,40,Neerja
815625,IND,2016,Qtr 1,February,19,drama,Hindi,1920000,89,Direct Ishq
1246020,IND,2016,Qtr 1,February,19,drama,Hindi,2040000,37,Ishq Forever
1042200,IND,2016,Qtr 1,February,19,romance,Hindi,1680000,82,LoveShhuda
894000,IND,2016,Qtr 1,February,26,"action,drama",Hindi,1560000,27,Dhara 302
681600,IND,2016,Qtr 1,February,26,"biopic,drama",Hindi,900000,38,Aligarh
121200,IND,2016,Qtr 1,February,26,comedy,Hindi,840000,31,Tere Bin Laden: Dead or Alive
23100,IND,2016,Qtr 1,February,26,"comedy,romance",Hindi,180000,47,Love Shagun
163200,IND,2016,Qtr 1,February,26,drama,Hindi,1680000,20,Bollywood Diaries
20400,IND,2016,Qtr 1,March,4,"action,drama",Hindi,300000,52,Jai Gangaajal
870,IND,2016,Qtr 1,March,4,drama,Hindi,48000,86,Zubaan
5700,IND,2016,Qtr 1,March,11,"action,romance,thriller",Hindi,24000,21,Teraa Surroor
130800,IND,2016,Qtr 1,March,11,"drama,thriller",Hindi,840000,54,OK Mein Dhokhe
5700,IND,2016,Qtr 1,March,11,satire,Hindi,30000,80,Global Baba
7800,IND,2016,Qtr 1,March,18,"drama,comedy",Hindi,150000,48,Kapoor & Sons
16800,IND,2016,Qtr 1,March,25,action,Hindi,300000,48,Rocky Handsome
174,IND,2016,Qtr 2,April,1,"comedy,romance",Hindi,78000,21,Ki & Ka
420,IND,2016,Qtr 2,April,8,thriller,Hindi,12000,60,Love Games
3000,IND,2016,Qtr 2,April,8,thriller,Hindi,150000,39,The Blueberry Hunt
878400,IND,2016,Qtr 2,April,15,"action,drama,thriller",Hindi,1020000,77,Fan
28200,IND,2016,Qtr 2,April,22,action,Hindi,330000,46,Laal Rang
34200,IND,2016,Qtr 2,April,22,comedy,Hindi,300000,81,Santa Banta Pvt Ltd
12000,IND,2016,Qtr 2,April,22,"drama,comedy",Hindi,30000,83,Nil Battey Sannata
120000,IND,2016,Qtr 2,April,29,action,Hindi,690000,67,Baaghi
11100,IND,2016,Qtr 2,April,29,"adventure,drama",Hindi,150000,49,Shortcut Safari
5622300,IND,2016,Qtr 2,May,6,horror,Hindi,1680000,69,1920 London
12000,IND,2016,Qtr 2,May,6,thriller,Hindi,72000,51,One Night Stand
2100,IND,2016,Qtr 2,May,6,thriller,Hindi,120000,98,Traffic
5100,IND,2016,Qtr 2,May,13,action,Hindi,72000,78,Khel Toh Ab Shuru Hoga
2400,IND,2016,Qtr 2,May,13,biopic,Hindi,48000,21,Azhar
6600,IND,2016,Qtr 2,May,13,"drama,political",Hindi,360000,29,Buddha in a Traffic Jam
27600,IND,2016,Qtr 2,May,16,drama,Hindi,270000,23,Dear Dad
60000,IND,2016,Qtr 2,May,20,biopic,Hindi,240000,96,Sarbjit
166800,IND,2016,Qtr 2,May,20,comedy,Hindi,780000,64,Kaptaan
42600,IND,2016,Qtr 2,May,27,action,Hindi,510000,54,Veerappan
1450992,IND,2016,Qtr 2,May,27,drama,Hindi,1680000,35,Waiting
10800,IND,2016,Qtr 2,May,27,"psychological,action,thriller",Hindi,360000,46,Fredrick
1971600,IND,2016,Qtr 2,May,27,thriller,Hindi,1080000,40,Phobia
210000,IND,2016,Qtr 2,June,3,comedy,Hindi,750000,42,Housefull 3
2040,IND,2016,Qtr 2,June,10,drama,Hindi,90000,56,Dhanak
540000,IND,2016,Qtr 2,June,10,romantic,Hindi,450000,68,Do Lafzon Ki Kahani
5580,IND,2016,Qtr 2,June,10,thriller,Hindi,36000,57,Te3n
44400,IND,2016,Qtr 2,June,17,crime,Hindi,210000,57,Udta Punjab
915600,IND,2016,Qtr 2,June,17,romance,Hindi,540000,89,Luv U Alia
520560,IND,2016,Qtr 2,June,24,adult,Hindi,1200000,30,A Scandall
98880,IND,2016,Qtr 2,June,24,"crime,thriller",Hindi,600000,70,7 Hours To Go
48000,IND,2016,Qtr 2,June,24,"crime,thriller",Hindi,600000,46,Raman Raghav 2.0
144939.6,IND,2016,Qtr 2,June,24,drama,Hindi,150000,90,Rough Book
115200,IND,2016,Qtr 2,June,24,romance,Hindi,900000,68,Junooniyat
396888,IND,2016,Qtr 3,July,1,"drama,political",Hindi,240000,26,Shorgul
29400,IND,2016,Qtr 3,July,1,"romance,comedy",Hindi,120000,79,Dil Toh Deewana Hai
450,IND,2016,Qtr 3,July,6,comedy,Hindi,18000,64,Brahman Naman
248400,IND,2016,Qtr 3,July,6,"sport,drama",Hindi,180000,91,Sultan
9000,IND,2016,Qtr 3,July,15,comedy,Hindi,150000,70,Great Grand Masti
21600,IND,2016,Qtr 3,July,22,drama,Hindi,30000,22,Madaari
517200,IND,2016,Qtr 3,July,22,"drama,romance",Hindi,960000,55,Ishq Click
20188200,IND,2016,Qtr 3,July,22,"road,movie",Hindi,20400000,20,M Cream
832860,IND,2016,Qtr 3,July,29,action,Hindi,1320000,25,Dishoom
96193440,IND,2016,Qtr 3,July,29,action,Hindi,23400000,33,Kabali
6935760,IND,2016,Qtr 3,July,29,comedy,Hindi,3240000,34,Love Ke Funday
3300,IND,2016,Qtr 3,August,5,"drama,romance",Hindi,48000,30,The Legend of Michael Mishra
93600,IND,2016,Qtr 3,August,5,"romance,comedy",Hindi,240000,62,Hai Apna Dil Toh Awara
18300,IND,2016,Qtr 3,August,5,thriller,Hindi,180000,39,Fever
15600,IND,2016,Qtr 3,August,12,drama,Hindi,240000,56,Mohenjo Daro
1026690,IND,2016,Qtr 3,August,12,"romance,thriller",Hindi,1680000,28,Rustom
644400,IND,2016,Qtr 3,August,19,comedy,Hindi,3000000,35,Happy Bhaag Jayegi
217200,IND,2016,Qtr 3,August,25,action,Hindi,1080000,60,Waarrior Savitri
10500,IND,2016,Qtr 3,August,25,"action,comedy",Hindi,420000,94,A Flying Jatt
7500,IND,2016,Qtr 3,September,2,"action,drama",Hindi,270000,56,Akira
104400,IND,2016,Qtr 3,September,2,"action,drama",Hindi,1200000,44,Yea Toh Two Much Ho Gayaa
336900,IND,2016,Qtr 3,September,2,drama,Hindi,2520000,70,Island City
864,IND,2016,Qtr 3,September,9,"comedy,sport,romantic",Hindi,18000,66,Freaky Ali
5700,IND,2016,Qtr 3,September,9,"drama,romance",Hindi,60000,64,Baar Baar Dekho
7200,IND,2016,Qtr 3,September,9,thriller,Hindi,420000,97,Ek Kahani Julie Ki
15600,IND,2016,Qtr 3,September,16,drama,Hindi,18000,43,Pink
1740,IND,2016,Qtr 3,September,16,horror,Hindi,90000,93,Raaz Reboot
4715340,IND,2016,Qtr 3,September,23,comedy,Hindi,2400000,92,Days of Tafree
2095425,IND,2016,Qtr 3,September,23,drama,Hindi,3840000,39,Parched
1074540,IND,2016,Qtr 3,September,23,"drama,comedy",Hindi,1680000,54,Banjo
10343010,IND,2016,Qtr 3,September,23,satirical,Hindi,4560000,25,Wah Taj
5951100,IND,2016,Qtr 3,September,30,"sport,biopic",Hindi,3960000,58,M.S. Dhoni: The Untold Story
56400,IND,2016,Qtr 4,October,7,"adventure,drama",Hindi,420000,85,MSG: The Warrior Lion Heart
14400,IND,2016,Qtr 4,October,7,"comedy,supernatural",Hindi,360000,28,Tutak Tutak Tutiya
3608400,IND,2016,Qtr 4,October,7,"drama,romance",Hindi,3000000,55,Mirzya
5882100,IND,2016,Qtr 4,October,14,"animation,adventure,action,comedy",Hindi,2280000,74,Motu Patlu: King Of Kings
3774600,IND,2016,Qtr 4,October,14,biographical,Hindi,3240000,88,Anna
326400,IND,2016,Qtr 4,October,14,comedy,Hindi,1200000,56,Saat Uchakkey
578400,IND,2016,Qtr 4,October,14,drama,Hindi,1800000,45,Fuddu
615600,IND,2016,Qtr 4,October,14,"social,drama",Hindi,1440000,40,Aakhir Kab Tak
13473660,IND,2016,Qtr 4,October,14,thriller,Hindi,3480000,56,Beiimaan Love
195600,IND,2016,Qtr 4,October,21,drama,Hindi,840000,77,Umrika
84000,IND,2016,Qtr 4,October,21,"drama,thriller",Hindi,720000,53,31st October
340800,IND,2016,Qtr 4,October,21,"supernatural,thriller",Hindi,1680000,45,Ek Tera Saath
420,IND,2016,Qtr 4,October,28,"action,drama",Hindi,36000,27,Shivaay
76800,IND,2016,Qtr 4,October,28,"drama,romance",Hindi,480000,34,Ae Dil Hai Mushkil
18600,IND,2016,Qtr 4,November,11,"action,thriller",Hindi,240000,26,Dongri Ka Raja
57600,IND,2016,Qtr 4,November,11,"animation,action,drama",Hindi,360000,45,Chaar Sahibzaade: Rise of Banda Singh Bahadur
6769620,IND,2016,Qtr 4,November,11,drama,Hindi,2520000,43,Rock On 2
4800,IND,2016,Qtr 4,November,11,"erotic,romantic",Hindi,420000,32,Ishq Junoon
1757610,IND,2016,Qtr 4,November,18,action,Hindi,2520000,72,Force 2
29237220,IND,2016,Qtr 4,November,18,romance,Hindi,4680000,81,Tum Bin 2
1211520,IND,2016,Qtr 4,November,25,"crime,drama",Hindi,1440000,39,Moh Maya Money
354300,IND,2016,Qtr 4,November,25,drama,Hindi,480000,31,Dear Zindagi
7794180,IND,2016,Qtr 4,November,25,"horror,romantic",Hindi,4680000,24,Saansein
397200,IND,2016,Qtr 4,December,2,thriller,Hindi,1020000,42,Kahaani 2
1443600,IND,2016,Qtr 4,December,9,romance,Hindi,2880000,78,Befikre
634800,IND,2016,Qtr 4,December,16,"drama,romance",Hindi,1020000,49,Wajah Tum Ho
390,IND,2016,Qtr 4,December,23,biopic,Hindi,240000,44,Dangal
8400,IND,2017,Qtr 1,January,13,"crime,comedy",Hindi,180000,81,Haraamkhor
2100,IND,2017,Qtr 1,January,13,"drama,romance",Hindi,54000,29,Ok Jaanu
24000,IND,2017,Qtr 1,January,20,"crime,comedy",Hindi,420000,54,Coffee with D
870,IND,2017,Qtr 1,January,25,"action,thriller",Hindi,30000,84,Kaabil
7800,IND,2017,Qtr 1,January,25,"crime,action",Hindi,18000,73,Raees
60000,IND,2017,Qtr 1,February,10,"action,drama",Hindi,180000,61,Hind Ka Napak Ko Jawab: MSG Lion Heart 2
565200,IND,2017,Qtr 1,February,10,drama,Hindi,720000,22,Jolly LLB 2
187200,IND,2017,Qtr 1,February,17,action,Hindi,480000,95,The Ghazi Attack
450000,IND,2017,Qtr 1,February,17,comedy,Hindi,1200000,80,Runningshaadi.com
1462680,IND,2017,Qtr 1,February,17,"drama,thriller",Hindi,780000,31,Irada
388800,IND,2017,Qtr 1,February,17,romance,Hindi,540000,37,Chauhar
29400,IND,2017,Qtr 1,February,24,"drama,war",Hindi,120000,80,Rangoon
632400,IND,2017,Qtr 1,February,24,"romance,thriller",Hindi,1200000,91,Wedding Anniversary
213870,IND,2017,Qtr 1,February,24,thriller,Hindi,750000,75,Mona Darling
10800,IND,2017,Qtr 1,March,3,action,Hindi,210000,51,Commando 2
27600,IND,2017,Qtr 1,March,3,"drama,romance",Hindi,390000,95,Jeena Isi Ka Naam Hai
21000,IND,2017,Qtr 1,March,10,"comedy,romance",Hindi,102000,68,Badrinath Ki Dulhania
32400,IND,2017,Qtr 1,March,17,"action,comedy",Hindi,72000,66,Aa Gaya Hero
36000,IND,2017,Qtr 1,March,17,"romance,thriller",Hindi,240000,69,Machine
80400,IND,2017,Qtr 1,March,17,thriller,Hindi,210000,66,Trapped
30300,IND,2017,Qtr 1,March,24,comedy,Hindi,210000,45,Bhanwarey
1860,IND,2017,Qtr 1,March,24,"comedy,romance",Hindi,72000,54,Phillauri
2700,IND,2017,Qtr 1,March,24,drama,Hindi,30000,30,Anaarkali of Aarah
8100,IND,2017,Qtr 1,March,31,"action,thriller",Hindi,180000,40,Naam Shabana
39600,IND,2017,Qtr 1,March,31,adventure,Hindi,72000,49,Poorna: Courage Has No Limit
600,IND,2017,Qtr 2,April,7,drama,Hindi,120000,31,Mukti Bhawan
5400,IND,2017,Qtr 2,April,7,"drama,comedy",Hindi,18000,57,Laali Ki Shaadi Mein Laaddoo Deewana
9600,IND,2017,Qtr 2,April,7,"drama,comedy",Hindi,18000,32,Mirza Juuliet
31800,IND,2017,Qtr 2,April,14,drama,Hindi,480000,68,Saanjh
44400,IND,2017,Qtr 2,April,14,"period,drama",Hindi,330000,96,Begum Jaan
10800,IND,2017,Qtr 2,April,14,romance,Hindi,300000,60,Romeo-N-Bullet
61200,IND,2017,Qtr 2,April,21,biopic,Hindi,270000,21,Ek Thi Rani Aisi Bhi
1980,IND,2017,Qtr 2,April,21,"drama,comedy",Hindi,36000,28,Noor
5400,IND,2017,Qtr 2,April,21,"drama,thriller",Hindi,150000,80,Ajab Singh Ki Gajab Kahani
1560,IND,2017,Qtr 2,April,21,"drama,thriller",Hindi,24000,38,Maatr
22200,IND,2017,Qtr 2,May,5,"anthology,drama",Hindi,108000,24,Mantostaan
12900,IND,2017,Qtr 2,May,12,"crime,political,thriller",Hindi,210000,79,Sarkar 3
8400,IND,2017,Qtr 2,May,12,romance,Hindi,300000,26,Meri Pyaari Bindu
37200,IND,2017,Qtr 2,May,19,comedy,Hindi,510000,91,Jattu Engineer
8280,IND,2017,Qtr 2,May,19,"drama,comedy",Hindi,150000,45,Hindi Medium
114000,IND,2017,Qtr 2,May,19,"drama,romance",Hindi,720000,29,Half Girlfriend
34800,IND,2017,Qtr 2,May,26,biopic,Hindi,210000,58,Sachin: A Billion Dreams
475200,IND,2017,Qtr 2,May,26,"drama,romance",Hindi,750000,37,Chakallaspur
2135400,IND,2017,Qtr 2,May,26,romance,Hindi,1020000,54,Thodi Thodi Si Manmaaniyan
1350000,IND,2017,Qtr 2,June,2,animation,Hindi,1440000,75,Hanuman: Da' Damdaar
255600,IND,2017,Qtr 2,June,2,"comedy,romance",Hindi,1800000,98,Sweetiee Weds NRI
62400,IND,2017,Qtr 2,June,2,"crime,drama",Hindi,420000,25,A Death in the Gunj
12300,IND,2017,Qtr 2,June,2,"drama,thriller",Hindi,36000,79,Dear Maya
102000,IND,2017,Qtr 2,June,2,horror,Hindi,660000,56,Dobaara: See Your Evil
391200,IND,2017,Qtr 2,June,2,"mystery,suspense",Hindi,420000,59,Flat 211
1680,IND,2017,Qtr 2,June,9,"child,drama",Hindi,72000,71,Bachche Kachche Sachche
308400,IND,2017,Qtr 2,June,9,"comedy,romance",Hindi,720000,93,Behen Hogi Teri
5100,IND,2017,Qtr 2,June,9,drama,Hindi,60000,35,G Kutta Se
2280,IND,2017,Qtr 2,June,9,drama,Hindi,150000,96,Love You Family
870,IND,2017,Qtr 2,June,9,"romance,thriller",Hindi,18000,48,Raabta
17400,IND,2017,Qtr 2,June,16,"comedy,thriller",Hindi,420000,70,Bank Chor
57600,IND,2017,Qtr 2,June,23,"action,drama",Hindi,240000,27,Tubelight
19500,IND,2017,Qtr 2,June,30,romance,Hindi,180000,85,Ek Haseena Thi Ek Deewana Tha
17400,IND,2017,Qtr 3,July,7,comedy,Hindi,24000,86,Guest Iin London
900,IND,2017,Qtr 3,July,7,"drama,thriller",Hindi,30000,37,Mom
14400,IND,2017,Qtr 3,July,14,drama,Hindi,150000,61,Shab
6900,IND,2017,Qtr 3,July,14,"romance,comedy",Hindi,18000,79,Jagga Jasoos
2760,IND,2017,Qtr 3,July,21,"action,romance",Hindi,102000,79,Munna Michael
138000,IND,2017,Qtr 3,July,21,"sex,drama",Hindi,240000,64,Lipstick Under My Burkha
3000,IND,2017,Qtr 3,July,28,"action,period,drama",Hindi,120000,79,Raag Desh : Birth Of A Nation
18300,IND,2017,Qtr 3,July,28,drama,Hindi,180000,61,Indu Sarkar
367200,IND,2017,Qtr 3,July,28,"romance,comedy",Hindi,1560000,27,Mubarakan
15000,IND,2017,Qtr 3,August,4,"neo,noir",Hindi,240000,38,Gurgaon
1382400,IND,2017,Qtr 3,August,4,romance,Hindi,540000,54,Jab Harry Met Sejal
1078800,IND,2017,Qtr 3,August,11,"drama,comedy",Hindi,1080000,73,Toilet: Ek Prem Katha
2336400,IND,2017,Qtr 3,August,18,drama,Hindi,1560000,40,Partition: 1947
1761600,IND,2017,Qtr 3,August,18,"patriotic,drama",Hindi,720000,78,Yeh Hai India
423600,IND,2017,Qtr 3,August,18,"romance,comedy",Hindi,600000,26,Bareilly Ki Barfi
297600,IND,2017,Qtr 3,August,25,action,Hindi,720000,81,Babumoshai Bandookbaaz
52500,IND,2017,Qtr 3,August,25,"action,romance",Hindi,330000,61,A Gentleman
21600,IND,2017,Qtr 3,August,25,drama,Hindi,600000,90,Yadvi Â?? The Dignified Princess
1740000,IND,2017,Qtr 3,August,25,"musical,drama",Hindi,840000,68,Qaidi Band
55200,IND,2017,Qtr 3,September,1,"crime,action,thriller",Hindi,240000,55,Baadshaho
404400,IND,2017,Qtr 3,September,1,"drama,comedy",Hindi,300000,29,Shubh Mangal Savdhan
338400,IND,2017,Qtr 3,September,8,comedy,Hindi,960000,91,Poster Boys
8400,IND,2017,Qtr 3,September,8,"crime,drama",Hindi,210000,41,Daddy
3300,IND,2017,Qtr 3,September,15,drama,Hindi,48000,38,Lucknow Central
50610,IND,2017,Qtr 3,September,15,drama,Hindi,1320000,84,Simran
65100,IND,2017,Qtr 3,September,15,"drama,comedy",Hindi,720000,44,Patel Ki Punjabi Shaadi
98400,IND,2017,Qtr 3,September,22,"action,drama",Hindi,270000,86,Bhoomi
21300,IND,2017,Qtr 3,September,22,biographic,Hindi,90000,61,Haseena Parkar
63600,IND,2017,Qtr 3,September,22,"dark,comedy",Hindi,300000,33,Newton
3780,IND,2017,Qtr 3,September,22,"drama,thriller",Hindi,120000,48,JD
13800,IND,2017,Qtr 3,September,22,horror,Hindi,210000,28,The Final Exit
37200,IND,2017,Qtr 3,September,29,"action,comedy",Hindi,510000,79,Judwaa 2
2940,IND,2017,Qtr 4,October,6,action,Hindi,66000,39,Mein Terrorist Nahi Hoon
8400,IND,2017,Qtr 4,October,6,comedy,Hindi,78000,78,Chef
6000,IND,2017,Qtr 4,October,6,"comedy,romantic",Hindi,108000,62,Deepak
2657700,IND,2017,Qtr 4,October,6,"social,drama",Hindi,7200000,40,Babu Ji Ek Ticket Bambai
11414340,IND,2017,Qtr 4,October,13,"drama,thriller",Hindi,9960000,67,Ranchi Diaries
20968560,IND,2017,Qtr 4,October,19,"musical,drama",Hindi,6000000,44,Secret Superstar
10422870,IND,2017,Qtr 4,October,20,comedy,Hindi,15720000,52,Golmaal Again
5652900,IND,2017,Qtr 4,October,27,drama,Hindi,2160000,39,Rukh
5176380,IND,2017,Qtr 4,October,27,"road,film",Hindi,14160000,88,Jia aur Jia
16396650,IND,2017,Qtr 4,November,3,drama,Hindi,10440000,31,Ribbon
13044210,IND,2017,Qtr 4,November,3,horror,Hindi,7920000,96,The House Next Door
35473560,IND,2017,Qtr 4,November,3,thriller,Hindi,9000000,87,Ittefaq
668805,IND,2017,Qtr 4,November,10,"comedy,romance",Hindi,690000,55,Qarib Qarib Singlle
27547470,IND,2017,Qtr 4,November,10,"drama,romance",Hindi,11760000,59,Shaadi Mein Zaroor Aana
17460480,IND,2017,Qtr 4,November,10,"suspense,thriller",Hindi,7320000,40,The Window
4695960,IND,2017,Qtr 4,November,17,"comedy,romantic",Hindi,5400000,20,Panchlait
7388700,IND,2017,Qtr 4,November,17,"drama,romantic",Hindi,2760000,64,Dil Jo Na Keh Saka
4038930,IND,2017,Qtr 4,November,17,"social,comedy",Hindi,1920000,50,Tumhari Sulu
11968500,IND,2017,Qtr 4,November,17,thriller,Hindi,5280000,80,Aksar 2
261600,IND,2017,Qtr 4,November,24,"disaster,drama",Hindi,1080000,33,Kadvi Hawa
6722580,IND,2017,Qtr 4,November,24,drama,Hindi,6000000,90,Ajji
8218500,IND,2017,Qtr 4,November,24,"erotic,thriller",Hindi,4800000,24,Julie 2
60000,IND,2017,Qtr 4,November,28,drama,Hindi,660000,53,Saankal
5724780,IND,2017,Qtr 4,December,1,comedy,Hindi,3000000,42,Firangi
490800,IND,2017,Qtr 4,December,1,"romantic,thriller",Hindi,1320000,35,Tera Intezaar
22500,IND,2017,Qtr 4,December,8,comedy,Hindi,360000,87,Fukrey Returns
974400,IND,2017,Qtr 4,December,8,"drama,comedy",Hindi,1200000,94,Sallu ki Shaadi
28200,IND,2017,Qtr 4,December,8,"suspense,thriller",Hindi,1200000,71,Game Over
43800,IND,2017,Qtr 4,December,15,"crime,thriller",Hindi,270000,88,Monsoon Shootout
321600,IND,2017,Qtr 4,December,22,"action,drama",Hindi,1200000,36,Tiger Zinda Hai
1019532,IND,2018,Qtr 1,January,12,Dark comedy,Hindi,780000,30,Kaalakaandi
477600,IND,2018,Qtr 1,January,12,drama,Hindi,720000,20,Mukkabaaz
3330300,IND,2018,Qtr 1,January,12,horror,Hindi,1800000,27,1921
1150200,IND,2018,Qtr 1,January,19,drama,Hindi,2280000,93,Union Leader
1570800,IND,2018,Qtr 1,January,19,Psychological Thriller,Hindi,1500000,96,My Birthday Song
4400670,IND,2018,Qtr 1,January,19,Suspense Thriller,Hindi,2400000,73,Vodka Diaries
6806280,IND,2018,Qtr 1,January,19,thriller,Hindi,2520000,21,Nirdosh
23400,IND,2018,Qtr 1,January,25,Period drama,Hindi,360000,42,Padmaavat
178800,IND,2018,Qtr 1,February,9,Comedy Drama,Hindi,1020000,27,Pad Man
12478500,IND,2018,Qtr 1,February,14,Romantic Comedy,Hindi,7680000,96,Love Per Square Foot
14378640,IND,2018,Qtr 1,February,16,drama,Hindi,6120000,63,Aiyaary
5939760,IND,2018,Qtr 1,February,16,drama,Hindi,2400000,45,Jaane Kyun De Yaaron
3996000,IND,2018,Qtr 1,February,16,romance,Hindi,1800000,63,Kuchh Bheege Alfaaz
42744300,IND,2018,Qtr 1,February,23,comedy,Hindi,17400000,54,Welcome To New York
24177660,IND,2018,Qtr 1,February,23,drama,Hindi,10560000,92,Sonu Ke Titu Ki Sweety
17375850,IND,2018,Qtr 1,March,2,drama,Hindi,9960000,65,Billu Ustaad
5568780,IND,2018,Qtr 1,March,2,drama,Hindi,3840000,81,Veerey Ki Wedding
6252000,IND,2018,Qtr 1,March,2,thriller,Hindi,4800000,46,Pari
228000,IND,2018,Qtr 1,March,9,Erotic thriller,Hindi,240000,87,Hate Story 4
860400,IND,2018,Qtr 1,March,9,Romantic/ Comedy,Hindi,480000,33,Dil Juunglee
3000,IND,2018,Qtr 1,March,9,Satire/ Comedy,Hindi,36000,21,Note Pe Chot at 8/11
26400,IND,2018,Qtr 1,March,9,thriller,Hindi,720000,72,3 Storeys
6840,IND,2018,Qtr 1,March,16,"Action, thriller",Hindi,18000,97,Raid
194400,IND,2018,Qtr 1,March,16,comedy,Hindi,1020000,51,Raja Abroadiya
20100,IND,2018,Qtr 1,March,23,comedy,Hindi,180000,93,Baa Baaa Black Sheep
26100,IND,2018,Qtr 1,March,23,comedy,Hindi,60000,28,Shaadi Teri Bajayenge Hum Band
25200,IND,2018,Qtr 1,March,23,drama,Hindi,84000,59,Hichki
2100,IND,2018,Qtr 1,March,23,thriller,Hindi,24000,55,Pareshaan Parinda
81600,IND,2018,Qtr 1,March,30,Action/Romance,Hindi,480000,39,Baaghi 2
22500,IND,2018,Qtr 2,April,6,Comedy thriller,Hindi,510000,27,Blackmail
6600,IND,2018,Qtr 2,April,6,Psychological Thriller,Hindi,18000,41,Missing
7200,IND,2018,Qtr 2,April,13,drama,Hindi,210000,38,Zoo
4200,IND,2018,Qtr 2,April,13,Slice of lifeRomantic drama,Hindi,30000,54,October
4200,IND,2018,Qtr 2,April,13,thriller,Hindi,12000,30,Mercury
529200,IND,2018,Qtr 2,April,20,comedy,Hindi,2160000,40,Nanu Ki Jaanu
2100,IND,2018,Qtr 2,April,20,drama,Hindi,240000,50,Beyond the Clouds
14400,IND,2018,Qtr 2,April,27,action,Hindi,180000,84,Our Heroes
100800,IND,2018,Qtr 2,April,27,Romantic thriller,Hindi,300000,75,Daas Dev
12300,IND,2018,Qtr 2,April,27,thriller,Hindi,24000,43,Ishq Tera
3000,IND,2018,Qtr 2,May,4,comedy,Hindi,60000,50,102 Not Out
225600,IND,2018,Qtr 2,May,4,Crime Drama,Hindi,1200000,36,Omerta
41400,IND,2018,Qtr 2,May,11,comedy,Hindi,420000,43,Falooda
36600,IND,2018,Qtr 2,May,11,drama,Hindi,480000,20,Hope Aur Hum
15000,IND,2018,Qtr 2,May,11,Horror Thriller,Hindi,72000,25,The Past
694800,IND,2018,Qtr 2,May,11,Horror-Comedy,Hindi,720000,39,Bhootwali Love Story
7200,IND,2018,Qtr 2,May,11,Period Thriller,Hindi,72000,62,Raazi
158400,IND,2018,Qtr 2,May,18,comedy,Hindi,450000,50,High Jack
14400,IND,2018,Qtr 2,May,18,comedy,Hindi,840000,23,Khajoor Pe Atke
304275,IND,2018,Qtr 2,May,25,Action/drama,Hindi,1320000,65,Parmanu: The Story Of Pokhran
50400,IND,2018,Qtr 2,May,25,drama,Hindi,390000,93,Bioscopewala
22800,IND,2018,Qtr 2,May,25,Suspense Thriller,Hindi,300000,29,One Night Out
1572570,IND,2018,Qtr 2,June,1,action,Hindi,1440000,96,Bhavesh Joshi Superhero
6087960,IND,2018,Qtr 2,June,1,Drama/Action,Hindi,2280000,68,Phamous
3300,IND,2018,Qtr 2,June,1,Romantic Comedy,Hindi,24000,93,Veere Di Wedding
15661320,IND,2018,Qtr 2,June,15,thriller,Hindi,4080000,88,Race 3
2427150,IND,2018,Qtr 2,June,29,biopic,Hindi,4680000,82,Sanju
996300,IND,2018,Qtr 3,July,13,biopic,Hindi,3480000,58,Soorma
3675150,IND,2018,Qtr 3,July,20,comedy,Hindi,1680000,96,When Obama Loved Osama
630000,IND,2018,Qtr 3,July,20,drama,Hindi,2160000,68,Dhadak
5132160,IND,2018,Qtr 3,July,26,Horror/Thriller,Hindi,840000,46,Ekta
2487900,IND,2018,Qtr 3,July,27,drama,Hindi,1140000,64,"Saheb, Biwi Aur Gangster 3"
1307400,IND,2018,Qtr 3,July,27,Romantic Comedy,Hindi,5040000,43,Nawabzaade
26400,IND,2018,Qtr 3,August,3,comedy,Hindi,330000,44,Karwaan
7800,IND,2018,Qtr 3,August,3,Crime Comedy,Hindi,180000,26,Brij Mohan Amar Rahe!
14400,IND,2018,Qtr 3,August,3,drama,Hindi,300000,60,Laxmi and Tikli Bomb
1860,IND,2018,Qtr 3,August,3,drama,Hindi,18000,61,Mulk
990240,IND,2018,Qtr 3,August,3,Musical comedy,Hindi,2520000,47,Fanney Khan
4200,IND,2018,Qtr 3,August,15,Action/Thriller,Hindi,60000,40,Satyameva Jayate
690000,IND,2018,Qtr 3,August,15,Sports/Drama,Hindi,720000,94,Gold
70800,IND,2018,Qtr 3,August,24,"",Hindi,120000,26,Genius
31200,IND,2018,Qtr 3,August,24,comedy,Hindi,390000,34,Happy Phirr Bhag Jayegi
7200,IND,2018,Qtr 3,August,31,comedy,Hindi,42000,69,Yamla Pagla Deewana: Phir Se
1000800,IND,2018,Qtr 3,August,31,Horror Comedy,Hindi,780000,91,Stree
513660,IND,2018,Qtr 3,September,7,Action/War,Hindi,540000,63,Paltan
151200,IND,2018,Qtr 3,September,7,drama,Hindi,540000,20,Halkaa
15300,IND,2018,Qtr 3,September,7,Drama/Romance,Hindi,240000,66,Laila Majnu
84000,IND,2018,Qtr 3,September,7,Psychological drama,Hindi,240000,34,Gali Guleiyan
34800,IND,2018,Qtr 3,September,14,Action/Drama/Musical,Hindi,330000,73,Turning Point
309600,IND,2018,Qtr 3,September,14,comedy,Hindi,2160000,40,Bajra vs Burger
3000,IND,2018,Qtr 3,September,14,comedy,Hindi,180000,40,Mitron
315600,IND,2018,Qtr 3,September,14,drama,Hindi,3960000,62,22 Days
710400,IND,2018,Qtr 3,September,14,drama,Hindi,3240000,42,Kathor
1794000,IND,2018,Qtr 3,September,14,drama,Hindi,2400000,56,Love Sonia
322800,IND,2018,Qtr 3,September,14,Romantic/ Drama,Hindi,960000,22,Manmarziyaan
150000,IND,2018,Qtr 3,September,21,biographical,Hindi,480000,94,Manto
16500,IND,2018,Qtr 3,September,21,romance,Hindi,84000,60,Ishqeria
9000,IND,2018,Qtr 3,September,21,"Romance, Social Drama",Hindi,240000,85,Batti Gul Meter Chalu
5700,IND,2018,Qtr 3,September,28,drama,Hindi,48000,27,Pataakha
1920,IND,2018,Qtr 3,September,28,"Romance, Social Drama",Hindi,84000,39,Sui Dhaaga
3600,IND,2018,Qtr 4,October,5,romantic,Hindi,150000,45,Loveyatri
36000,IND,2018,Qtr 4,October,5,Romantic thriller,Hindi,540000,23,Andhadhun
2760,IND,2018,Qtr 4,October,12,comedy,Hindi,18000,56,FryDay
105078.6,IND,2018,Qtr 4,October,12,drama,Hindi,210000,47,Helicopter Eela
34800,IND,2018,Qtr 4,October,12,drama,Hindi,600000,47,Maal road dilli
16800,IND,2018,Qtr 4,October,12,romance,Hindi,930000,73,Jalebi
32400,IND,2018,Qtr 4,October,12,Suspense Thriller,Hindi,450000,73,Tumbbad
19384500,IND,2018,Qtr 4,October,18,Romantic Comedy,Hindi,11280000,23,Badhaai Ho
12414000,IND,2018,Qtr 4,October,18,Romantic Comedy,Hindi,5520000,49,Namaste England
10132800,IND,2018,Qtr 4,October,26,Action Thriller,Hindi,8640000,96,Dassehra
15028170,IND,2018,Qtr 4,October,26,"Comedy, Romance, Drama",Hindi,6360000,37,5 Weddings
770550,IND,2018,Qtr 4,October,26,crime,Hindi,480000,97,Baazaar
4470360,IND,2018,Qtr 4,October,26,Erotic thriller,Hindi,2760000,27,The Journey of Karma
14342100,IND,2018,Qtr 4,October,26,Suspense Thriller,Hindi,6720000,92,Kaashi in Search of Ganga
3915900,IND,2018,Qtr 4,November,2,comedy,Hindi,2040000,36,Jack and Dil
8700,IND,2018,Qtr 4,November,2,horror,Hindi,300000,68,Lupt
7743510,IND,2018,Qtr 4,November,2,Romantic Family Drama,Hindi,6360000,70,Mausam Ikrar Ke Do Pal Pyaar Ke
4611000,IND,2018,Qtr 4,November,8,Period action/adventure,Hindi,2280000,90,Thugs of Hindostan
5158380,IND,2018,Qtr 4,November,16,comedy,Hindi,6000000,66,Hotel Milan
4560660,IND,2018,Qtr 4,November,16,drama,Hindi,6840000,95,Mohalla Assi
1265940,IND,2018,Qtr 4,November,16,thriller,Hindi,3720000,72,Pihu
10442400,IND,2018,Qtr 4,November,23,Action/Comedy,Hindi,7680000,61,Bhaiaji Superhit
6867600,IND,2018,Qtr 4,November,30,drama,Hindi,1320000,92,Rajma Chawal
8297400,IND,2018,Qtr 4,December,7,drama,Hindi,3600000,55,Kedarnath
8760600,IND,2018,Qtr 4,December,14,Adult-comedy,Hindi,7200000,34,PK Lele A Salesman
6465900,IND,2018,Qtr 4,December,21,Comedy/drama,Hindi,6240000,71,Zero
2400,IND,2018,Qtr 4,December,28,Action Comedy,Hindi,54000,70,Simmba
2100,IND,2019,Qtr 1,January,11,action,Hindi,36000,79,Battalion 609
3000,IND,2019,Qtr 1,January,11,action,Hindi,120000,68,Uri: The Surgical Strike
900,IND,2019,Qtr 1,January,11,biopic,Hindi,30000,79,The Accidental Prime Minister
67812240,IND,2019,Qtr 1,January,18,Biographical Drama,Hindi,25200000,68,72 Hours: Martyr Who Never Died
22007850,IND,2019,Qtr 1,January,18,Black comedy,Hindi,7320000,26,Bombairiya
26312400,IND,2019,Qtr 1,January,18,comedy,Hindi,4920000,95,Fraud Saiyaan
7336800,IND,2019,Qtr 1,January,18,comedy,Hindi,7560000,69,Rangeela Raja
69274500,IND,2019,Qtr 1,January,18,Crime Drama,Hindi,17400000,82,Soni
32400,IND,2019,Qtr 1,January,18,drama,Hindi,42000,20,Why Cheat India
29908200,IND,2019,Qtr 1,January,18,Drama/ Coming of Age,Hindi,10080000,25,The Lift Boy
12109380,IND,2019,Qtr 1,January,25,biographical,Hindi,3360000,82,Manikarnika: The Queen of Jhansi
5666700,IND,2019,Qtr 1,January,25,biographical,Hindi,1800000,33,Thackeray
603000,IND,2019,Qtr 1,February,1,romance,Hindi,1320000,72,Ek Ladki Ko Dekha Toh Aisa Laga
36997800,IND,2019,Qtr 1,February,8,drama,Hindi,11040000,21,The Fakir of Venice
72479280,IND,2019,Qtr 1,February,8,Horror/Thriller,Hindi,15000000,55,Amavas
24958800,IND,2019,Qtr 1,February,14,biopic,Hindi,16200000,79,Gully Boy
6268800,IND,2019,Qtr 1,February,15,drama,Hindi,5160000,76,Hum Chaar
11187600,IND,2019,Qtr 1,February,22,comedy,Hindi,6240000,38,Total Dhamaal
2778480,IND,2019,Qtr 1,March,1,Crime Drama,Hindi,2520000,28,Sonchiriya
1753650,IND,2019,Qtr 1,March,1,Romantic Comedy,Hindi,4560000,81,Luka Chuppi
4748940,IND,2019,Qtr 1,March,8,Drama /Thriller,Hindi,3120000,21,Badla
2473350,IND,2019,Qtr 1,March,15,drama,Hindi,2520000,89,Hamid
42216000,IND,2019,Qtr 1,March,15,drama,Hindi,16800000,65,Milan Talkies
710025,IND,2019,Qtr 1,March,15,drama,Hindi,600000,74,Photograph
28126800,IND,2019,Qtr 1,March,15,Social Drama,Hindi,8400000,96,Mere Pyare Prime Minister
43854900,IND,2019,Qtr 1,March,21,Action Comedy,Hindi,21600000,66,Mard Ko Dard Nahi Hota
22345440,IND,2019,Qtr 1,March,21,Drama/historical,Hindi,12240000,30,Kesari
3337800,IND,2019,Qtr 1,March,29,action,Hindi,1680000,23,Junglee
3746400,IND,2019,Qtr 1,March,29,drama,Hindi,5760000,97,Notebook
4958160,IND,2019,Qtr 2,April,5,Action Thriller,Hindi,7560000,75,Romeo Akbar Walter
275400,IND,2019,Qtr 2,April,12,thriller,Hindi,2280000,82,Albert Pinto Ko Gussa Kyun Aata Hai?
5700,IND,2019,Qtr 2,April,12,thriller,Hindi,420000,89,The Tashkent Files
840,IND,2019,Qtr 2,April,17,Period drama / thriller,Hindi,150000,92,Kalank
26700,IND,2019,Qtr 2,May,3,Action Thriller,Hindi,450000,66,Blank
840,IND,2019,Qtr 2,May,3,thriller,Hindi,78000,71,Setters
1545510,IND,2019,Qtr 2,May,10,Romantic Comedy,Hindi,4080000,65,Student of the Year 2
55200,IND,2019,Qtr 2,May,17,Romantic Comedy,Hindi,150000,29,De De Pyaar De
58800,IND,2019,Qtr 2,May,24,biopic,Hindi,240000,45,PM Narendra Modi
48000,IND,2019,Qtr 2,May,24,thriller,Hindi,360000,21,India's Most Wanted
8700,IND,2019,Qtr 2,June,5,drama,Hindi,24000,25,Bharat
85200,IND,2019,Qtr 2,June,14,horror,Hindi,960000,83,Khamoshi
63030,IND,2019,Qtr 2,June,21,drama,Hindi,180000,62,Kabir Singh
89601,IND,2019,Qtr 2,June,28,Drama/ Thriller,Hindi,90000,51,Article 15
432,IND,2019,Qtr 3,July,5,Action Thriller,Hindi,24000,76,One Day: Justice Delivered
27300,IND,2019,Qtr 3,July,5,romance,Hindi,78000,50,Malaal
1083600,IND,2019,Qtr 3,July,5,Romantic thriller,Hindi,1680000,31,Hume Tumse Pyaar Kitna
840,IND,2019,Qtr 3,July,12,biopic,Hindi,42000,69,Super 30
15900,IND,2019,Qtr 3,July,19,comedy,Hindi,150000,86,Jhootha Kahin Ka
12300,IND,2019,Qtr 3,July,19,Family Drama,Hindi,300000,65,Family of Thakurganj
769200,IND,2019,Qtr 3,July,26,Romantic Comedy,Hindi,840000,80,Arjun Patiala
454200,IND,2019,Qtr 3,July,26,"Thriller, Comedy",Hindi,2640000,38,Judgementall Hai Kya
380400,IND,2019,Qtr 3,August,2,comedy,Hindi,2760000,21,Khandaani Shafakhana
391590,IND,2019,Qtr 3,August,9,action,Hindi,1320000,66,Pranaam
4660440,IND,2019,Qtr 3,August,9,drama,Hindi,2640000,38,Chicken Curry Law
2671440,IND,2019,Qtr 3,August,9,Romantic Comedy,Hindi,4320000,54,Jabariya Jodi
8465400,IND,2019,Qtr 3,August,15,action,Hindi,3480000,31,Batla House
2433600,IND,2019,Qtr 3,August,15,drama,Hindi,3600000,83,Mission Mangal
1284150,IND,2019,Qtr 3,August,30,action,Hindi,1140000,96,Saaho
1073100,IND,2019,Qtr 3,September,6,Comedy-Drama,Hindi,3600000,97,Chhichhore
1845300,IND,2019,Qtr 3,September,13,comedy,Hindi,3720000,52,Dream Girl
1389600,IND,2019,Qtr 3,September,13,crime thriller,Hindi,3000000,37,Section 375
115200,IND,2019,Qtr 3,September,20,drama,Hindi,1560000,39,Prassthanam
15144000,IND,2019,Qtr 3,September,20,drama,Hindi,2280000,93,The Zoya Factor
2286600,IND,2019,Qtr 3,September,20,Drama/Romance,Hindi,3840000,33,Pal Pal Dil Ke Paas
2121630,IND,2019,Qtr 3,September,27,drama,Hindi,1560000,90,Jhalki
978900,IND,2019,Qtr 4,October,2,"Action, thriller",Hindi,2040000,87,War
4029600,IND,2019,Qtr 4,October,11,biopic,Hindi,4440000,62,The Sky Is Pink
3600,IND,2019,Qtr 4,October,11,Comedy Drama,Hindi,210000,72,Lootcase
14100,IND,2019,Qtr 4,October,18,action,Hindi,120000,32,Laal Kaptaan
193320,IND,2019,Qtr 4,October,18,drama,Hindi,300000,30,P Se Pyaar F Se Faraar
960,IND,2019,Qtr 4,October,18,Horror Thriller,Hindi,18000,86,Ghost
99600,IND,2019,Qtr 4,October,18,Romantic drama,Hindi,600000,95,Yaaram
780,IND,2019,Qtr 4,October,25,biopic,Hindi,18000,67,Saand Ki Aankh
133200,IND,2019,Qtr 4,October,25,comedy,Hindi,570000,98,Housefull 4
27300,IND,2019,Qtr 4,October,25,comedy,Hindi,240000,23,Made In China
1800,IND,2019,Qtr 4,November,1,Horror Thriller,Hindi,18000,44,Bypass Road
44400,IND,2019,Qtr 4,November,8,Action/Romance,Hindi,60000,93,Marjaavaan
414000,IND,2019,Qtr 4,November,8,Historical/Romance,Hindi,1200000,46,Shikara - A Love Letter from Kashmir
10500,IND,2019,Qtr 4,November,15,Black comedy,Hindi,18000,68,Bala
25200,IND,2019,Qtr 4,November,22,comedy,Hindi,30000,71,Pagalpanti
43200,IND,2019,Qtr 4,November,29,Romantic drama,Hindi,30000,23,Dil Bechara
18300,IND,2019,Qtr 4,November,29,Romantic drama,Hindi,18000,53,Jawaani Jaaneman
21300,IND,2019,Qtr 4,December,6,Action/battle,Hindi,24000,90,Panipat
25800,IND,2019,Qtr 4,December,6,comedy,Hindi,30000,83,"Pati, Patni Aur Woh"
12900,IND,2019,Qtr 4,December,13,crime thriller,Hindi,18000,89,Mardaani 2
26400,IND,2019,Qtr 4,December,20,action,Hindi,36000,83,Dabangg 3
13200,IND,2019,Qtr 4,December,27,comedy,Hindi,12000,89,Good News
